Entity,Year,Share of the population that was born in this country but now lives in another country.
Afghanistan,1990,61.87069
Afghanistan,1995,24.002707
Afghanistan,2000,22.861822
Afghanistan,2005,16.046991
Afghanistan,2010,18.055254
Afghanistan,2015,15.694132
Afghanistan,2020,15.037472
Africa,1990,3.2714324
Africa,1995,3.1147811
Africa,2000,2.7226179
Africa,2005,2.755148
Africa,2010,2.808981
Africa,2015,2.9694526
Africa,2020,3.0260496
Albania,1990,5.4838758
Albania,1995,16.096317
Albania,2000,26.346346
Albania,2005,31.295479
Albania,2010,37.921608
Albania,2015,39.53761
Albania,2020,43.45163
Algeria,1990,3.578049
Algeria,1995,3.4065242
Algeria,2000,3.3437827
Algeria,2005,4.825522
Algeria,2010,4.6008377
Algeria,2015,4.622687
Algeria,2020,4.611833
American Samoa,1990,4.310363
American Samoa,1995,4.9625645
American Samoa,2000,5.5105853
American Samoa,2005,4.345417
American Samoa,2010,3.8460166
American Samoa,2015,3.5139592
American Samoa,2020,3.319021
Andorra,1990,6.861378
Andorra,1995,6.486063
Andorra,2000,8.525768
Andorra,2005,7.261224
Andorra,2010,9.3648615
Andorra,2015,11.206135
Andorra,2020,14.407558
Angola,1990,6.9620123
Angola,1995,4.937762
Angola,2000,5.5698657
Angola,2005,3.6882815
Angola,2010,2.7889028
Angola,2015,2.2173274
Angola,2020,2.0326798
Anguilla,1990,20.598156
Anguilla,1995,21.949736
Anguilla,2000,22.29928
Anguilla,2005,19.490435
Anguilla,2010,16.917238
Anguilla,2015,17.879402
Anguilla,2020,16.697773
Antigua and Barbuda,1990,34.193146
Antigua and Barbuda,1995,39.26637
Antigua and Barbuda,2000,43.130238
Antigua and Barbuda,2005,44.680958
Antigua and Barbuda,2010,46.969215
Antigua and Barbuda,2015,55.77476
Antigua and Barbuda,2020,67.96932
Argentina,1990,1.3187395
Argentina,1995,1.3838454
Argentina,2000,1.5067263
Argentina,2005,2.0705333
Argentina,2010,2.2951994
Argentina,2015,2.191141
Argentina,2020,2.3810809
Armenia,1990,25.42782
Armenia,1995,28.03112
Armenia,2000,28.575348
Armenia,2005,30.210295
Armenia,2010,31.871496
Armenia,2015,32.28511
Armenia,2020,32.335957
Aruba,1990,9.47194
Aruba,1995,8.347444
Aruba,2000,8.432198
Aruba,2005,9.479345
Aruba,2010,13.302513
Aruba,2015,15.929806
Aruba,2020,20.096285
Asia,1990,1.7655069
Asia,1995,1.6932851
Asia,2000,1.7462982
Asia,2005,1.8302234
Asia,2010,2.0933654
Asia,2015,2.3317602
Asia,2020,2.4759777
Australia,1990,1.774778
Australia,1995,1.8969069
Australia,2000,2.0105696
Australia,2005,2.124876
Australia,2010,2.1979501
Australia,2015,2.165081
Australia,2020,2.348109
Australia and New Zealand,1990,3.3844373
Australia and New Zealand,1995,3.4993224
Australia and New Zealand,2000,3.8146336
Australia and New Zealand,2005,4.0482197
Australia and New Zealand,2010,4.3328032
Australia and New Zealand,2015,4.4004655
Australia and New Zealand,2020,4.6333313
Austria,1990,6.5408726
Austria,1995,6.1331425
Austria,2000,5.9248314
Austria,2005,5.977339
Austria,2010,6.1522517
Austria,2015,5.936787
Austria,2020,6.6701455
Azerbaijan,1990,22.562635
Azerbaijan,1995,22.02086
Azerbaijan,2000,20.074364
Azerbaijan,2005,17.04235
Azerbaijan,2010,12.852118
Azerbaijan,2015,11.746632
Azerbaijan,2020,11.479455
Bahamas,1990,9.810442
Bahamas,1995,10.562533
Bahamas,2000,11.508664
Bahamas,2005,10.686537
Bahamas,2010,10.139856
Bahamas,2015,11.481828
Bahamas,2020,13.679154
Bahrain,1990,2.5844529
Bahrain,1995,4.6148825
Bahrain,2000,7.1825585
Bahrain,2005,5.829679
Bahrain,2010,4.209567
Bahrain,2015,4.1346264
Bahrain,2020,3.4244583
Bangladesh,1990,5.2828727
Bangladesh,1995,4.7091527
Bangladesh,2000,4.2622476
Bangladesh,2005,3.9504113
Bangladesh,2010,4.282468
Bangladesh,2015,4.371845
Bangladesh,2020,4.4943776
Barbados,1990,32.485733
Barbados,1995,33.694424
Barbados,2000,34.98864
Barbados,2005,33.647583
Barbados,2010,34.095154
Barbados,2015,35.70605
Barbados,2020,34.662857
Belarus,1990,17.412832
Belarus,1995,17.231205
Belarus,2000,17.075651
Belarus,2005,16.535728
Belarus,2010,15.547902
Belarus,2015,15.571734
Belarus,2020,15.700873
Belgium,1990,3.6373193
Belgium,1995,3.6788025
Belgium,2000,3.8792279
Belgium,2005,4.15005
Belgium,2010,4.424936
Belgium,2015,4.5694203
Belgium,2020,4.9825897
Belize,1990,19.248323
Belize,1995,20.26942
Belize,2000,19.494158
Belize,2005,18.281666
Belize,2010,17.791388
Belize,2015,17.48253
Belize,2020,13.267911
Benin,1990,4.7065287
Benin,1995,4.668421
Benin,2000,4.7778707
Benin,2005,6.3160977
Benin,2010,5.882564
Benin,2015,6.0034537
Benin,2020,5.624151
Bermuda,1990,116.30862
Bermuda,1995,67.13063
Bermuda,2000,21.654337
Bermuda,2005,22.497736
Bermuda,2010,23.41867
Bermuda,2015,25.472958
Bermuda,2020,33.894306
Bhutan,1990,5.361896
Bhutan,1995,22.065207
Bhutan,2000,20.335052
Bhutan,2005,18.546452
Bhutan,2010,13.411193
Bhutan,2015,7.0603185
Bhutan,2020,6.738879
Bolivia,1990,3.2730994
Bolivia,1995,3.719858
Bolivia,2000,4.0946894
Bolivia,2005,5.889821
Bolivia,2010,7.76189
Bolivia,2015,7.580757
Bolivia,2020,7.943474
Bonaire Sint Eustatius and Saba,1990,3.4204457
Bonaire Sint Eustatius and Saba,1995,3.5759223
Bonaire Sint Eustatius and Saba,2000,4.4971156
Bonaire Sint Eustatius and Saba,2005,5.22953
Bonaire Sint Eustatius and Saba,2010,33.737644
Bonaire Sint Eustatius and Saba,2015,29.689472
Bonaire Sint Eustatius and Saba,2020,31.07433
Bosnia and Herzegovina,1990,19.30716
Bosnia and Herzegovina,1995,35.84509
Bosnia and Herzegovina,2000,39.899246
Bosnia and Herzegovina,2005,39.86464
Bosnia and Herzegovina,2010,42.44864
Bosnia and Herzegovina,2015,46.46433
Bosnia and Herzegovina,2020,51.43963
Botswana,1990,2.0243154
Botswana,1995,1.5869472
Botswana,2000,1.6237123
Botswana,2005,1.849893
Botswana,2010,2.2268062
Botswana,2015,2.607327
Botswana,2020,2.7028544
Brazil,1990,0.329764
Brazil,1995,0.450865
Brazil,2000,0.53804916
Brazil,2005,0.641806
Brazil,2010,0.76407754
Brazil,2015,0.7356669
Brazil,2020,0.8925166
British Virgin Islands,1990,17.69112
British Virgin Islands,1995,17.44445
British Virgin Islands,2000,18.131247
British Virgin Islands,2005,17.346144
British Virgin Islands,2010,17.703987
British Virgin Islands,2015,17.558666
British Virgin Islands,2020,17.71009
Brunei,1990,10.174556
Brunei,1995,11.797571
Brunei,2000,13.579417
Brunei,2005,12.410986
Brunei,2010,11.460912
Brunei,2015,10.872132
Brunei,2020,10.3638315
Bulgaria,1990,6.932787
Bulgaria,1995,7.7504044
Bulgaria,2000,8.61073
Bulgaria,2005,11.809877
Bulgaria,2010,14.902105
Bulgaria,2015,16.384275
Bulgaria,2020,24.222313
Burkina Faso,1990,11.591501
Burkina Faso,1995,12.04836
Burkina Faso,2000,11.021876
Burkina Faso,2005,10.075239
Burkina Faso,2010,9.192621
Burkina Faso,2015,8.384961
Burkina Faso,2020,7.6511784
Burundi,1990,6.1978774
Burundi,1995,9.028796
Burundi,2000,11.893531
Burundi,2005,8.417217
Burundi,2010,3.2744455
Burundi,2015,4.527337
Burundi,2020,4.634725
Cambodia,1990,3.9599373
Cambodia,1995,3.9246182
Cambodia,2000,3.7812576
Cambodia,2005,5.0811267
Cambodia,2010,6.659065
Cambodia,2015,6.9231486
Cambodia,2020,6.6081758
Cameroon,1990,0.983312
Cameroon,1995,1.0215894
Cameroon,2000,1.0590215
Cameroon,2005,1.2475436
Cameroon,2010,1.3710966
Cameroon,2015,1.4978468
Cameroon,2020,1.6613322
Canada,1990,3.6100445
Canada,1995,3.6493604
Canada,2000,3.7355397
Canada,2005,3.6846924
Canada,2010,3.7134624
Canada,2015,3.5072687
Canada,2020,3.4240994
Cape Verde,1990,27.034233
Cape Verde,1995,27.687632
Cape Verde,2000,29.152128
Cape Verde,2005,30.66384
Cape Verde,2010,31.029099
Cape Verde,2015,32.669323
Cape Verde,2020,33.734184
Caribbean,1990,12.155003
Caribbean,1995,13.925744
Caribbean,2000,15.659215
Caribbean,2005,16.370714
Caribbean,2010,17.646704
Caribbean,2015,19.08698
Caribbean,2020,20.855219
Cayman Islands,1990,1.4067254
Cayman Islands,1995,2.4688287
Cayman Islands,2000,3.0209196
Cayman Islands,2005,2.6187043
Cayman Islands,2010,2.477414
Cayman Islands,2015,2.7689116
Cayman Islands,2020,2.9032257
Central African Republic,1990,1.6515245
Central African Republic,1995,1.5268433
Central African Republic,2000,1.5222416
Central African Republic,2005,3.2540276
Central African Republic,2010,5.6062493
Central African Republic,2015,15.272599
Central African Republic,2020,16.909065
Central America,1990,6.0176516
Central America,1995,7.4573956
Central America,2000,9.036721
Central America,2005,9.5776615
Central America,2010,10.282578
Central America,2015,9.642677
Central America,2020,9.01595
Central Asia,1990,11.411734
Central Asia,1995,11.585404
Central Asia,2000,11.676296
Central Asia,2005,11.837316
Central Asia,2010,11.515461
Central Asia,2015,10.847011
Central Asia,2020,10.540243
Central and Southern Asia,1990,2.5084205
Central and Southern Asia,1995,2.1123376
Central and Southern Asia,2000,2.0436127
Central and Southern Asia,2005,2.0246627
Central and Southern Asia,2010,2.3140306
Central and Southern Asia,2015,2.4511132
Central and Southern Asia,2020,2.5427773
Chad,1990,5.6478934
Chad,1995,3.182467
Chad,2000,2.4660187
Chad,2005,2.0864487
Chad,2010,1.6936139
Chad,2015,1.3554631
Chad,2020,1.3533721
Channel Islands,1990,13.311344
Channel Islands,1995,10.890717
Channel Islands,2000,8.639913
Channel Islands,2005,9.76766
Channel Islands,2010,9.829199
Channel Islands,2015,9.957857
Channel Islands,2020,9.868917
Chile,1990,3.7140505
Chile,1995,3.4713283
Chile,2000,3.3371487
Chile,2005,3.3476772
Chile,2010,3.3514488
Chile,2015,3.439272
Chile,2020,3.3678226
China,1990,0.3595619
China,1995,0.40537012
China,2000,0.4560006
China,2005,0.55134815
China,2010,0.63665843
China,2015,0.7279264
China,2020,0.72681147
Colombia,1990,3.0485487
Colombia,1995,3.3386025
Colombia,2000,3.6183226
Colombia,2005,4.4173603
Colombia,2010,5.6476507
Colombia,2015,5.6789775
Colombia,2020,5.943596
Comoros,1990,9.737413
Comoros,1995,10.788945
Comoros,2000,12.999164
Comoros,2005,15.719273
Comoros,2010,15.822188
Comoros,2015,15.660345
Comoros,2020,17.344051
Congo,1990,4.0891232
Congo,1995,4.2724147
Congo,2000,4.3241715
Congo,2005,4.76458
Congo,2010,4.1675696
Congo,2015,4.2179794
Congo,2020,4.055152
Cook Islands,1990,96.09783
Cook Islands,1995,89.02905
Cook Islands,2000,108.603294
Cook Islands,2005,102.67436
Cook Islands,2010,111.76598
Cook Islands,2015,122.60395
Cook Islands,2020,120.16625
Costa Rica,1990,2.2210104
Costa Rica,1995,2.3968248
Costa Rica,2000,2.655659
Costa Rica,2005,2.7445548
Costa Rica,2010,2.8906767
Costa Rica,2015,2.851538
Costa Rica,2020,2.949306
Cote d'Ivoire,1990,3.0720327
Cote d'Ivoire,1995,3.1655326
Cote d'Ivoire,2000,3.2770898
Cote d'Ivoire,2005,3.987913
Cote d'Ivoire,2010,4.5770106
Cote d'Ivoire,2015,4.548236
Cote d'Ivoire,2020,4.356987
Croatia,1990,8.90936
Croatia,1995,15.924858
Croatia,2000,20.48364
Croatia,2005,19.165632
Croatia,2010,18.955086
Croatia,2015,19.047153
Croatia,2020,25.321756
Cuba,1990,7.88125
Cuba,1995,8.5796
Cuba,2000,9.417124
Cuba,2005,10.3032465
Cuba,2010,11.711728
Cuba,2015,13.296747
Cuba,2020,15.514784
Curacao,1990,1.4344249
Curacao,1995,1.9801222
Curacao,2000,2.859694
Curacao,2005,3.5485952
Curacao,2010,30.329515
Curacao,2015,3.903034
Curacao,2020,4.6380253
Cyprus,1990,22.745415
Cyprus,1995,19.087763
Cyprus,2000,16.279333
Cyprus,2005,14.982918
Cyprus,2010,14.692478
Cyprus,2015,14.348566
Cyprus,2020,14.346166
Czechia,1990,5.461297
Czechia,1995,5.988363
Czechia,2000,7.029903
Czechia,2005,7.331311
Czechia,2010,7.3974943
Czechia,2015,7.7327223
Czechia,2020,9.581751
Democratic Republic of Congo,1990,1.26116
Democratic Republic of Congo,1995,1.3464999
Democratic Republic of Congo,2000,1.8300049
Democratic Republic of Congo,2005,2.0641663
Democratic Republic of Congo,2010,2.0112555
Democratic Republic of Congo,2015,2.0620785
Democratic Republic of Congo,2020,2.045601
Denmark,1990,3.919654
Denmark,1995,3.969397
Denmark,2000,4.0770116
Denmark,2005,4.1400657
Denmark,2010,4.2040925
Denmark,2015,4.1632047
Denmark,2020,4.437431
Developed regions,1990,4.524304
Developed regions,1995,4.5313835
Developed regions,2000,4.5826454
Developed regions,2005,4.6767397
Developed regions,2010,4.906767
Developed regions,2015,4.982644
Developed regions,2020,5.483008
Djibouti,1990,0.89906216
Djibouti,1995,1.1047217
Djibouti,2000,1.2618854
Djibouti,2005,1.5304221
Djibouti,2010,1.6421208
Djibouti,2015,1.8565687
Djibouti,2020,1.8588018
Dominica,1990,57.5999
Dominica,1995,62.17565
Dominica,2000,69.31084
Dominica,2005,90.72967
Dominica,2010,103.81789
Dominica,2015,101.981026
Dominica,2020,108.61219
Dominican Republic,1990,6.420713
Dominican Republic,1995,8.530434
Dominican Republic,2000,10.499559
Dominican Republic,2005,11.14698
Dominican Republic,2010,12.216634
Dominican Republic,2015,14.14752
Dominican Republic,2020,14.828366
East Timor,1990,1.5262654
East Timor,1995,9.36242
East Timor,2000,16.773485
East Timor,2005,9.542572
East Timor,2010,3.2040656
East Timor,2015,3.1200526
East Timor,2020,3.002635
Eastern Africa,1990,3.9482715
Eastern Africa,1995,3.454038
Eastern Africa,2000,2.3625076
Eastern Africa,2005,2.0979178
Eastern Africa,2010,2.2174466
Eastern Africa,2015,2.5211737
Eastern Africa,2020,2.7003007
Eastern Asia,1990,0.5059103
Eastern Asia,1995,0.55761796
Eastern Asia,2000,0.615397
Eastern Asia,2005,0.7045153
Eastern Asia,2010,0.80152154
Eastern Asia,2015,0.87635946
Eastern Asia,2020,0.88314736
Eastern Europe,1990,7.9983797
Eastern Europe,1995,7.8105507
Eastern Europe,2000,7.8378468
Eastern Europe,2005,8.589828
Eastern Europe,2010,9.352553
Eastern Europe,2015,9.790598
Eastern Europe,2020,10.987338
Eastern and South-Eastern Asia,1990,0.8039192
Eastern and South-Eastern Asia,1995,0.91584146
Eastern and South-Eastern Asia,2000,1.0485606
Eastern and South-Eastern Asia,2005,1.2024844
Eastern and South-Eastern Asia,2010,1.4068995
Eastern and South-Eastern Asia,2015,1.5444506
Eastern and South-Eastern Asia,2020,1.6363653
Ecuador,1990,2.0917745
Ecuador,1995,2.8478756
Ecuador,2000,3.5200353
Ecuador,2005,7.135907
Ecuador,2010,7.6802893
Ecuador,2015,6.9749103
Ecuador,2020,6.392831
Egypt,1990,2.3549075
Egypt,1995,2.3935628
Egypt,2000,2.48185
Egypt,2005,2.3938763
Egypt,2010,3.125428
Egypt,2015,3.4086783
Egypt,2020,3.5281007
El Salvador,1990,23.564165
El Salvador,1995,16.577883
El Salvador,2000,16.118431
El Salvador,2005,18.485956
El Salvador,2010,21.622116
El Salvador,2015,23.91883
El Salvador,2020,24.653229
Equatorial Guinea,1990,8.62978
Equatorial Guinea,1995,9.342792
Equatorial Guinea,2000,9.886502
Equatorial Guinea,2005,9.577908
Equatorial Guinea,2010,8.943029
Equatorial Guinea,2015,10.007659
Equatorial Guinea,2020,9.178573
Eritrea,1990,7.553321
Eritrea,1995,17.024426
Eritrea,2000,22.312994
Eritrea,2005,10.588883
Eritrea,2010,10.357121
Eritrea,2015,18.68953
Eritrea,2020,22.63749
Estonia,1990,7.274256
Estonia,1995,9.042823
Estonia,2000,10.136508
Estonia,2005,11.072253
Estonia,2010,11.533117
Estonia,2015,14.377305
Estonia,2020,15.5767
Eswatini,1990,4.2774825
Eswatini,1995,3.2735026
Eswatini,2000,3.3931682
Eswatini,2005,4.353007
Eswatini,2010,6.4826584
Eswatini,2015,4.1878996
Eswatini,2020,4.3130975
Ethiopia,1990,3.5289547
Ethiopia,1995,1.431113
Ethiopia,2000,0.67329144
Ethiopia,2005,0.68639594
Ethiopia,2010,0.77623266
Ethiopia,2015,0.8355157
Ethiopia,2020,0.8229815
Europe,1990,6.6213107
Europe,1995,6.6900105
Europe,2000,6.8537297
Europe,2005,7.0393305
Europe,2010,7.429432
Europe,2015,7.614167
Europe,2020,8.463163
Europe and Northern America,1990,5.0499907
Europe and Northern America,1995,5.0499063
Europe and Northern America,2000,5.0942655
Europe and Northern America,2005,5.191216
Europe and Northern America,2010,5.434943
Europe and Northern America,2015,5.5079494
Europe and Northern America,2020,6.054749
Falkland Islands,1990,12.878788
Falkland Islands,1995,30.387846
Falkland Islands,2000,43.62254
Falkland Islands,2005,37.118645
Falkland Islands,2010,40.45486
Falkland Islands,2015,48.307476
Falkland Islands,2020,43.58312
Faroe Islands,1990,15.90236
Faroe Islands,1995,21.924383
Faroe Islands,2000,26.55227
Faroe Islands,2005,26.154911
Faroe Islands,2010,25.864485
Faroe Islands,2015,27.899282
Faroe Islands,2020,26.454517
Fiji,1990,12.374978
Fiji,1995,13.732803
Fiji,2000,16.264637
Fiji,2005,19.114393
Fiji,2010,21.354221
Fiji,2015,24.011087
Fiji,2020,26.087074
Finland,1990,5.0159917
Finland,1995,5.6388807
Finland,2000,6.088355
Finland,2005,5.7152658
Finland,2010,5.439708
Finland,2015,5.148995
Finland,2020,5.629036
France,1990,2.1455874
France,1995,2.3412678
France,2000,2.6355817
France,2005,2.8226643
France,2010,3.112011
France,2015,3.2880697
France,2020,3.5878382
French Guiana,1990,2.4528432
French Guiana,1995,2.3442504
French Guiana,2000,2.230898
French Guiana,2005,1.8721701
French Guiana,2010,1.6910162
French Guiana,2015,1.7305983
French Guiana,2020,1.5384254
French Polynesia,1990,1.5667363
French Polynesia,1995,1.7141757
French Polynesia,2000,1.7865973
French Polynesia,2005,1.0499266
French Polynesia,2010,0.5817248
French Polynesia,2015,0.7242265
French Polynesia,2020,0.767878
Gabon,1990,1.6163363
Gabon,1995,1.5309446
Gabon,2000,1.4687074
Gabon,2005,2.9741468
Gabon,2010,2.2739952
Gabon,2015,2.2115943
Gabon,2020,2.1742098
Gambia,1990,3.7965875
Gambia,1995,3.401097
Gambia,2000,3.4474254
Gambia,2005,3.9649682
Gambia,2010,4.318539
Gambia,2015,4.648586
Gambia,2020,5.76042
Georgia,1990,16.9939
Georgia,1995,19.156586
Georgia,2000,22.168299
Georgia,2005,21.03301
Georgia,2010,19.651625
Georgia,2015,20.598757
Georgia,2020,21.58534
Germany,1990,3.7056298
Germany,1995,3.7532713
Germany,2000,3.9744618
Germany,2005,4.2191386
Germany,2010,4.5735188
Germany,2015,4.4386754
Germany,2020,4.60144
Ghana,1990,2.5123544
Ghana,1995,2.5158665
Ghana,2000,2.5721815
Ghana,2005,3.0517614
Ghana,2010,3.0751166
Ghana,2015,3.2038727
Ghana,2020,3.2321494
Gibraltar,1990,41.130054
Gibraltar,1995,35.310932
Gibraltar,2000,27.190245
Gibraltar,2005,29.025946
Gibraltar,2010,30.361769
Gibraltar,2015,35.315037
Gibraltar,2020,39.74058
Greece,1990,9.995364
Greece,1995,9.345315
Greece,2000,8.867315
Greece,2005,7.729483
Greece,2010,7.250947
Greece,2015,7.6936135
Greece,2020,10.443262
Greenland,1990,17.092295
Greenland,1995,20.356565
Greenland,2000,23.831818
Greenland,2005,25.668581
Greenland,2010,27.174335
Greenland,2015,29.640995
Greenland,2020,31.469738
Grenada,1990,44.88518
Grenada,1995,53.920784
Grenada,2000,62.031178
Grenada,2005,61.76881
Grenada,2010,60.18244
Grenada,2015,63.004665
Grenada,2020,55.283108
Guadeloupe,1990,1.4810494
Guadeloupe,1995,1.67141
Guadeloupe,2000,1.836284
Guadeloupe,2005,2.2116985
Guadeloupe,2010,2.6544487
Guadeloupe,2015,2.9963024
Guadeloupe,2020,3.1345048
Guam,1990,1.0538014
Guam,1995,1.1088287
Guam,2000,1.8007636
Guam,2005,1.6003181
Guam,2010,1.3854829
Guam,2015,1.317261
Guam,2020,1.3111509
Guatemala,1990,3.7585897
Guatemala,1995,4.4376388
Guatemala,2000,5.002221
Guatemala,2005,5.625484
Guatemala,2010,6.321746
Guatemala,2015,6.879681
Guatemala,2020,7.6382236
Guinea,1990,5.553327
Guinea,1995,5.0327454
Guinea,2000,4.575065
Guinea,2005,4.442321
Guinea,2010,4.4727087
Guinea,2015,4.3160152
Guinea,2020,4.1940055
Guinea-Bissau,1990,5.6811223
Guinea-Bissau,1995,6.1669655
Guinea-Bissau,2000,6.464969
Guinea-Bissau,2005,6.1598697
Guinea-Bissau,2010,6.012467
Guinea-Bissau,2015,5.649931
Guinea-Bissau,2020,5.680392
Guyana,1990,31.389225
Guyana,1995,38.787968
Guyana,2000,48.499836
Guyana,2005,52.610313
Guyana,2010,58.608944
Guyana,2015,62.710102
Guyana,2020,55.738094
Haiti,1990,7.455489
Haiti,1995,8.539651
Haiti,2000,9.478223
Haiti,2005,10.525977
Haiti,2010,11.289115
Haiti,2015,13.716391
Haiti,2020,15.519981
High-income countries,1990,3.3005884
High-income countries,1995,3.3492815
High-income countries,2000,3.460608
High-income countries,2005,3.6008432
High-income countries,2010,3.8753772
High-income countries,2015,3.9071453
High-income countries,2020,4.264153
Honduras,1990,3.1557918
Honduras,1995,4.3190503
Honduras,2000,5.2034755
Honduras,2005,6.0180063
Honduras,2010,7.0634847
Honduras,2015,8.0090275
Honduras,2020,9.945643
Hong Kong,1990,9.586777
Hong Kong,1995,10.14486
Hong Kong,2000,10.382667
Hong Kong,2005,11.115551
Hong Kong,2010,12.374819
Hong Kong,2015,13.321598
Hong Kong,2020,13.442573
Hungary,1990,3.7735176
Hungary,1995,3.9050052
Hungary,2000,4.1187677
Hungary,2005,4.625547
Hungary,2010,5.149385
Hungary,2015,6.145343
Hungary,2020,7.3953843
Iceland,1990,6.899594
Iceland,1995,8.0085335
Iceland,2000,9.332868
Iceland,2005,9.719095
Iceland,2010,10.131047
Iceland,2015,11.205892
Iceland,2020,12.674286
India,1990,0.7579983
India,1995,0.7421176
India,2000,0.75035346
India,2005,0.835522
India,2010,1.0712278
India,2015,1.2125045
India,2020,1.2948866
Indonesia,1990,0.89423335
Indonesia,1995,0.9836953
Indonesia,2000,1.1418058
Indonesia,2005,1.2290837
Indonesia,2010,1.4125226
Indonesia,2015,1.5732812
Indonesia,2020,1.6822565
Iran,1990,1.1198127
Iran,1995,1.215343
Iran,2000,1.266629
Iran,2005,1.275046
Iran,2010,1.3363034
Iran,2015,1.4722697
Iran,2020,1.5776478
Iraq,1990,3.6909628
Iraq,1995,3.7351294
Iraq,2000,3.5255275
Iraq,2005,4.979515
Iraq,2010,8.590313
Iraq,2015,4.7104473
Iraq,2020,5.1662025
Ireland,1990,26.121675
Ireland,1995,24.039469
Ireland,2000,21.692741
Ireland,2005,18.592163
Ireland,2010,16.016977
Ireland,2015,15.833459
Ireland,2020,14.871352
Isle of Man,1990,15.272008
Isle of Man,1995,12.481111
Isle of Man,2000,9.587741
Isle of Man,2005,10.566301
Isle of Man,2010,10.645093
Isle of Man,2015,12.711457
Isle of Man,2020,14.149967
Israel,1990,6.2860413
Israel,1995,5.5083423
Israel,2000,5.1103697
Israel,2005,4.855049
Israel,2010,4.5459805
Israel,2015,4.1527376
Israel,2020,4.144062
Italy,1990,5.8739448
Italy,1995,5.610426
Italy,2000,5.4107957
Italy,2005,4.630113
Italy,2010,4.3139033
Italy,2015,4.3953905
Italy,2020,5.3898983
Jamaica,1990,24.317112
Jamaica,1995,28.352234
Jamaica,2000,32.314976
Jamaica,2005,33.0354
Jamaica,2010,35.218025
Jamaica,2015,35.68272
Jamaica,2020,37.786903
Japan,1990,0.4857651
Japan,1995,0.5169869
Japan,2000,0.5559205
Japan,2005,0.55987513
Japan,2010,0.5887492
Japan,2015,0.5972631
Japan,2020,0.63950634
Jordan,1990,8.7950325
Jordan,1995,7.3880515
Jordan,2000,7.189836
Jordan,2005,7.645085
Jordan,2010,8.291615
Jordan,2015,7.6277604
Jordan,2020,7.9868455
Kazakhstan,1990,18.137547
Kazakhstan,1995,20.803602
Kazakhstan,2000,23.819271
Kazakhstan,2005,24.136185
Kazakhstan,2010,23.366127
Kazakhstan,2015,22.112303
Kazakhstan,2020,22.388905
Kenya,1990,1.0551591
Kenya,1995,0.9998705
Kenya,2000,0.9930812
Kenya,2005,0.9884833
Kenya,2010,1.0531163
Kenya,2015,1.0038924
Kenya,2020,0.9956017
Kiribati,1990,5.5985303
Kiribati,1995,5.4634824
Kiribati,2000,4.728393
Kiribati,2005,4.35555
Kiribati,2010,3.4635189
Kiribati,2015,3.7204647
Kiribati,2020,4.2722235
Kuwait,1990,3.893526
Kuwait,1995,6.040761
Kuwait,2000,5.545632
Kuwait,2005,5.682549
Kuwait,2010,5.9432783
Kuwait,2015,5.0848527
Kuwait,2020,4.9705625
Kyrgyzstan,1990,11.950326
Kyrgyzstan,1995,12.045782
Kyrgyzstan,2000,11.508802
Kyrgyzstan,2005,12.863217
Kyrgyzstan,2010,13.39919
Kyrgyzstan,2015,12.465603
Kyrgyzstan,2020,11.869319
Land-locked Developing Countries (LLDC),1990,9.436083
Land-locked Developing Countries (LLDC),1995,7.9929357
Land-locked Developing Countries (LLDC),2000,6.9275894
Land-locked Developing Countries (LLDC),2005,6.4822645
Land-locked Developing Countries (LLDC),2010,6.594593
Land-locked Developing Countries (LLDC),2015,6.613587
Land-locked Developing Countries (LLDC),2020,6.616938
Laos,1990,11.342286
Laos,1995,11.302767
Laos,2000,12.196157
Laos,2005,15.595492
Laos,2010,19.184345
Laos,2015,19.10916
Laos,2020,17.813772
Latin America and the Caribbean,1990,3.448965
Latin America and the Caribbean,1995,4.072249
Latin America and the Caribbean,2000,4.7196217
Latin America and the Caribbean,2005,5.2624493
Latin America and the Caribbean,2010,5.8573623
Latin America and the Caribbean,2015,5.802856
Latin America and the Caribbean,2020,6.5585556
Latvia,1990,8.071844
Latvia,1995,9.127375
Latvia,2000,10.0094795
Latvia,2005,12.032969
Latvia,2010,13.128222
Latvia,2015,18.483387
Latvia,2020,20.146835
Least developed countries,1990,5.8907385
Least developed countries,1995,4.850479
Least developed countries,2000,4.269904
Least developed countries,2005,4.0244937
Least developed countries,2010,4.243016
Least developed countries,2015,4.4077463
Least developed countries,2020,4.50188
Lebanon,1990,18.113314
Lebanon,1995,15.0646515
Lebanon,2000,14.543947
Lebanon,2005,12.957798
Lebanon,2010,14.12669
Lebanon,2015,11.5906925
Lebanon,2020,12.553239
Lesotho,1990,11.229771
Lesotho,1995,7.1944137
Lesotho,2000,5.9309673
Lesotho,2005,7.96903
Lesotho,2010,12.183356
Lesotho,2015,9.298493
Lesotho,2020,9.436985
Less developed regions,1990,2.2124748
Less developed regions,1995,2.2038188
Less developed regions,2000,2.2544003
Less developed regions,2005,2.3829303
Less developed regions,2010,2.6500752
Less developed regions,2015,2.848633
Less developed regions,2020,3.0380397
"Less developed regions, excluding China",1990,2.943044
"Less developed regions, excluding China",1995,2.8760302
"Less developed regions, excluding China",2000,2.8893085
"Less developed regions, excluding China",2005,2.9928932
"Less developed regions, excluding China",2010,3.2836719
"Less developed regions, excluding China",2015,3.4812386
"Less developed regions, excluding China",2020,3.693144
"Less developed regions, excluding least developed countries",1990,1.7058114
"Less developed regions, excluding least developed countries",1995,1.8197883
"Less developed regions, excluding least developed countries",2000,1.9461995
"Less developed regions, excluding least developed countries",2005,2.1166916
"Less developed regions, excluding least developed countries",2010,2.3772898
"Less developed regions, excluding least developed countries",2015,2.5654764
"Less developed regions, excluding least developed countries",2020,2.754748
Liberia,1990,24.898779
Liberia,1995,26.522541
Liberia,2000,8.720963
Liberia,2005,11.024842
Liberia,2010,5.6314287
Liberia,2015,4.600413
Liberia,2020,4.6180096
Libya,1990,1.718386
Libya,1995,1.5639764
Libya,2000,1.4933856
Libya,2005,1.7288265
Libya,2010,2.055596
Libya,2015,2.3766985
Libya,2020,2.6999018
Liechtenstein,1990,11.896491
Liechtenstein,1995,9.77205
Liechtenstein,2000,8.100289
Liechtenstein,2005,8.453829
Liechtenstein,2010,9.9733305
Liechtenstein,2015,9.438142
Liechtenstein,2020,9.717597
Lithuania,1990,9.225373
Lithuania,1995,9.441024
Lithuania,2000,9.9537325
Lithuania,2005,12.330713
Lithuania,2010,16.574104
Lithuania,2015,18.973951
Lithuania,2020,24.17291
Low-income countries,1990,6.9687257
Low-income countries,1995,5.4050374
Low-income countries,2000,4.4809155
Low-income countries,2005,4.0212755
Low-income countries,2010,4.088133
Low-income countries,2015,5.2052636
Low-income countries,2020,5.4540534
Lower-middle-income countries,1990,2.4180262
Lower-middle-income countries,1995,2.3390114
Lower-middle-income countries,2000,2.3314917
Lower-middle-income countries,2005,2.4741247
Lower-middle-income countries,2010,2.761582
Lower-middle-income countries,2015,2.9231486
Lower-middle-income countries,2020,3.0379617
Luxembourg,1990,9.457803
Luxembourg,1995,9.279791
Luxembourg,2000,9.117508
Luxembourg,2005,11.533523
Luxembourg,2010,12.216818
Luxembourg,2015,12.239452
Luxembourg,2020,13.060724
Macao,1990,25.147171
Macao,1995,23.370436
Macao,2000,22.09518
Macao,2005,22.406149
Macao,2010,22.964613
Macao,2015,22.138771
Macao,2020,22.359867
Madagascar,1990,0.512258
Madagascar,1995,0.49960658
Madagascar,2000,0.48893225
Madagascar,2005,0.8115136
Madagascar,2010,0.7603145
Madagascar,2015,0.72570527
Madagascar,2020,0.6988764
Malawi,1990,1.5251849
Malawi,1995,1.5320865
Malawi,2000,1.6704024
Malawi,2005,1.7584656
Malawi,2010,1.7918707
Malawi,2015,1.7764442
Malawi,2020,1.6259944
Malaysia,1990,3.1079228
Malaysia,1995,4.2035565
Malaysia,2000,5.178589
Malaysia,2005,5.368906
Malaysia,2010,5.6688156
Malaysia,2015,5.8836513
Malaysia,2020,5.746886
Maldives,1990,0.9822593
Maldives,1995,0.6637969
Maldives,2000,0.43522456
Maldives,2005,0.6921065
Maldives,2010,0.96874744
Maldives,2015,0.7926773
Maldives,2020,0.68727314
Mali,1990,7.6619234
Mali,1995,8.5603285
Mali,2000,7.060427
Mali,2005,7.0084095
Mali,2010,6.610464
Mali,2015,7.0449
Mali,2020,6.436826
Malta,1990,30.58917
Malta,1995,29.143284
Malta,2000,26.640232
Malta,2005,24.77271
Malta,2010,23.96918
Malta,2015,21.578148
Malta,2020,23.280617
Marshall Islands,1990,3.0170317
Marshall Islands,1995,8.233242
Marshall Islands,2000,13.744729
Marshall Islands,2005,12.041913
Marshall Islands,2010,11.518603
Marshall Islands,2015,13.273797
Marshall Islands,2020,18.390377
Martinique,1990,3.0787513
Martinique,1995,3.390304
Martinique,2000,3.622331
Martinique,2005,3.6103537
Martinique,2010,3.7087057
Martinique,2015,3.3488955
Martinique,2020,3.4543588
Mauritania,1990,6.6103764
Mauritania,1995,6.5572286
Mauritania,2000,4.091183
Mauritania,2005,3.4093997
Mauritania,2010,3.2680442
Mauritania,2015,2.8329558
Mauritania,2020,2.8007638
Mauritius,1990,10.484918
Mauritius,1995,10.106797
Mauritius,2000,10.041202
Mauritius,2005,10.69132
Mauritius,2010,11.874326
Mauritius,2015,13.169882
Mauritius,2020,14.387305
Mayotte,1990,1.936083
Mayotte,1995,3.19598
Mayotte,2000,4.1335454
Mayotte,2005,3.6316066
Mayotte,2010,3.0385787
Mayotte,2015,2.7269583
Mayotte,2020,2.4804537
Melanesia,1990,1.7494317
Melanesia,1995,1.8449179
Melanesia,2000,2.0120578
Melanesia,2005,2.1503496
Melanesia,2010,2.223329
Melanesia,2015,2.2700574
Melanesia,2020,2.3017282
Mexico,1990,5.23611
Mexico,1995,7.581308
Mexico,2000,9.669255
Mexico,2005,10.204981
Mexico,2010,10.881672
Mexico,2015,9.784512
Mexico,2020,8.675636
Micronesia,1990,5.149197
Micronesia,1995,6.408599
Micronesia,2000,8.051916
Micronesia,2005,8.013711
Micronesia,2010,7.7505064
Micronesia,2015,8.022167
Micronesia,2020,9.290488
Micronesia (country),1990,8.009013
Micronesia (country),1995,11.287487
Micronesia (country),2000,15.74787
Micronesia (country),2005,17.285532
Micronesia (country),2010,18.854212
Micronesia (country),2015,18.949177
Micronesia (country),2020,21.687344
Middle Africa,1990,2.7129204
Middle Africa,1995,2.2173655
Middle Africa,2000,2.5379453
Middle Africa,2005,2.4342458
Middle Africa,2010,2.284983
Middle Africa,2015,2.4752982
Middle Africa,2020,2.4614599
Middle-income countries,1990,2.22867
Middle-income countries,1995,2.2867904
Middle-income countries,2000,2.3677547
Middle-income countries,2005,2.5076566
Middle-income countries,2010,2.7565749
Middle-income countries,2015,2.840515
Middle-income countries,2020,3.0234413
Moldova,1990,14.332175
Moldova,1995,14.284424
Moldova,2000,14.342657
Moldova,2005,17.202335
Moldova,2010,20.249407
Moldova,2015,22.840244
Moldova,2020,28.742035
Monaco,1990,15.204022
Monaco,1995,15.567342
Monaco,2000,15.938784
Monaco,2005,56.447613
Monaco,2010,75.69434
Monaco,2015,77.716515
Monaco,2020,82.947716
Mongolia,1990,1.1201669
Mongolia,1995,1.2051259
Mongolia,2000,1.2783759
Mongolia,2005,1.6764374
Mongolia,2010,2.110554
Mongolia,2015,2.183974
Mongolia,2020,2.5042918
Montenegro,1990,12.582682
Montenegro,1995,23.313276
Montenegro,2000,29.899538
Montenegro,2005,24.012959
Montenegro,2010,23.828129
Montenegro,2015,21.377544
Montenegro,2020,21.170681
Montserrat,1990,67.61492
Montserrat,1995,117.64826
Montserrat,2000,327.55328
Montserrat,2005,326.51797
Montserrat,2010,355.01532
Montserrat,2015,405.47723
Montserrat,2020,491.73834
Morocco,1990,7.046735
Morocco,1995,6.978981
Morocco,2000,7.213425
Morocco,2005,8.11233
Morocco,2010,8.844783
Morocco,2015,8.57317
Morocco,2020,8.8381815
Mozambique,1990,17.111757
Mozambique,1995,5.2487917
Mozambique,2000,3.6383452
Mozambique,2005,3.2348654
Mozambique,2010,3.3903735
Mozambique,2015,2.2074883
Mozambique,2020,2.0481558
Myanmar,1990,1.6579288
Myanmar,1995,2.076109
Myanmar,2000,2.6205435
Myanmar,2005,3.5476863
Myanmar,2010,4.925362
Myanmar,2015,5.3957005
Myanmar,2020,6.8218436
Namibia,1990,1.1219912
Namibia,1995,1.7335579
Namibia,2000,2.749831
Namibia,2005,3.3842778
Namibia,2010,4.7005563
Namibia,2015,2.1776311
Namibia,2020,1.8800306
Nauru,1990,14.927415
Nauru,1995,14.219837
Nauru,2000,15.413643
Nauru,2005,18.978474
Nauru,2010,21.280848
Nauru,2015,21.852709
Nauru,2020,22.650915
Nepal,1990,3.956805
Nepal,1995,3.9674873
Nepal,2000,4.0825024
Nepal,2005,5.009338
Nepal,2010,6.340221
Nepal,2015,8.403343
Nepal,2020,8.922395
Netherlands,1990,4.787503
Netherlands,1995,4.69914
Netherlands,2000,4.69435
Netherlands,2005,4.8301253
Netherlands,2010,5.121331
Netherlands,2015,5.1190686
Netherlands,2020,5.663322
New Caledonia,1990,2.4352012
New Caledonia,1995,2.3797698
New Caledonia,2000,2.2742023
New Caledonia,2005,2.2073162
New Caledonia,2010,2.1208618
New Caledonia,2015,2.0600452
New Caledonia,2020,2.0452483
New Zealand,1990,11.418393
New Zealand,1995,11.345002
New Zealand,2000,12.693056
New Zealand,2005,13.433218
New Zealand,2010,15.155765
New Zealand,2015,15.993926
New Zealand,2020,16.717546
Nicaragua,1990,10.578528
Nicaragua,1995,9.408718
Nicaragua,2000,9.8932
Nicaragua,2005,10.214441
Nicaragua,2010,10.47742
Nicaragua,2015,10.534347
Nicaragua,2020,10.84079
Niger,1990,1.86601
Niger,1995,1.8657703
Niger,2000,1.8111892
Niger,2005,2.23191
Niger,2010,2.0401876
Niger,2015,1.8748091
Niger,2020,1.651229
Nigeria,1990,0.46921697
Nigeria,1995,0.485913
Nigeria,2000,0.49894568
Nigeria,2005,0.5886234
Nigeria,2010,0.6289551
Nigeria,2015,0.7212898
Nigeria,2020,0.8103514
Niue,1990,251.20068
Niue,1995,257.7973
Niue,2000,302.26077
Niue,2005,313.44788
Niue,2010,329.65475
Niue,2015,332.17392
Niue,2020,320.51917
North Korea,1990,0.19407131
North Korea,1995,0.246072
North Korea,2000,0.3155382
North Korea,2005,0.3629618
North Korea,2010,0.39292693
North Korea,2015,0.41255835
North Korea,2020,0.42816943
North Macedonia,1990,21.64443
North Macedonia,1995,24.80725
North Macedonia,2000,26.151268
North Macedonia,2005,22.269886
North Macedonia,2010,25.408875
North Macedonia,2015,27.092989
North Macedonia,2020,33.306263
Northern Africa,1990,3.783079
Northern Africa,1995,3.739312
Northern Africa,2000,3.760146
Northern Africa,2005,4.273343
Northern Africa,2010,4.5585475
Northern Africa,2015,4.8756676
Northern Africa,2020,4.988222
Northern Africa and Western Asia,1990,5.681175
Northern Africa and Western Asia,1995,5.5911694
Northern Africa and Western Asia,2000,5.4616623
Northern Africa and Western Asia,2005,5.578724
Northern Africa and Western Asia,2010,5.8143415
Northern Africa and Western Asia,2015,6.7714834
Northern Africa and Western Asia,2020,7.1431856
Northern America,1990,1.0015306
Northern America,1995,1.000552
Northern America,2000,1.0082103
Northern America,2005,1.0730962
Northern America,2010,1.1564078
Northern America,2015,1.1244538
Northern America,2020,1.1733028
Northern Europe,1990,6.7660832
Northern Europe,1995,6.6564326
Northern Europe,2000,6.799632
Northern Europe,2005,7.0400577
Northern Europe,2010,7.1503
Northern Europe,2015,7.0664806
Northern Europe,2020,7.420182
Northern Mariana Islands,1990,5.501399
Northern Mariana Islands,1995,5.7704043
Northern Mariana Islands,2000,4.8126297
Northern Mariana Islands,2005,4.8190002
Northern Mariana Islands,2010,4.8377833
Northern Mariana Islands,2015,4.673802
Northern Mariana Islands,2020,4.7622356
Norway,1990,3.2559378
Norway,1995,3.4586933
Norway,2000,3.6412613
Norway,2005,3.7575457
Norway,2010,3.6834936
Norway,2015,3.5689263
Norway,2020,3.5304086
Oceania,1990,3.5223188
Oceania,1995,3.6451464
Oceania,2000,3.9676452
Oceania,2005,4.130036
Oceania,2010,4.3152575
Oceania,2015,4.3940783
Oceania,2020,4.616462
Oceania (excluding Australia and New Zealand),1990,3.9268038
Oceania (excluding Australia and New Zealand),1995,4.054351
Oceania (excluding Australia and New Zealand),2000,4.3754034
Oceania (excluding Australia and New Zealand),2005,4.342195
Oceania (excluding Australia and New Zealand),2010,4.2702866
Oceania (excluding Australia and New Zealand),2015,4.377958
Oceania (excluding Australia and New Zealand),2020,4.575064
Oman,1990,0.6900061
Oman,1995,0.62805456
Oman,2000,0.688853
Oman,2005,0.7495857
Oman,2010,0.6823095
Oman,2015,0.5342203
Oman,2020,0.49149907
Pakistan,1990,3.1037161
Pakistan,1995,2.6985316
Pakistan,2000,2.393107
Pakistan,2005,2.356666
Pakistan,2010,2.66997
Pakistan,2015,2.9074354
Pakistan,2020,2.8649251
Palau,1990,19.630884
Palau,1995,16.575357
Palau,2000,20.927555
Palau,2005,19.116457
Palau,2010,14.587278
Palau,2015,14.486272
Palau,2020,14.680523
Palestine,1990,86.25841
Palestine,1995,86.860435
Palestine,2000,85.83509
Palestine,2005,91.060425
Palestine,2010,87.28375
Palestine,2015,83.32644
Palestine,2020,78.85636
Panama,1990,5.4388885
Panama,1995,4.8538017
Panama,2000,4.5186124
Panama,2005,3.9461935
Panama,2010,3.83903
Panama,2015,3.7850668
Panama,2020,3.2335458
Papua New Guinea,1990,0.06731165
Papua New Guinea,1995,0.078252375
Papua New Guinea,2000,0.07784404
Papua New Guinea,2005,0.06917734
Papua New Guinea,2010,0.057875562
Papua New Guinea,2015,0.061422545
Papua New Guinea,2020,0.05376087
Paraguay,1990,7.0497956
Paraguay,1995,7.030697
Paraguay,2000,7.0385265
Paraguay,2005,9.369661
Paraguay,2010,12.256865
Paraguay,2015,12.641995
Paraguay,2020,12.568949
Peru,1990,1.4190695
Peru,1995,2.0802112
Peru,2000,2.6233768
Peru,2005,3.4773455
Peru,2010,4.475366
Peru,2015,4.6280437
Peru,2020,4.6088862
Philippines,1990,3.251464
Philippines,1995,3.5566318
Philippines,2000,3.9269085
Philippines,2005,4.268143
Philippines,2010,4.9939938
Philippines,2015,5.3844476
Philippines,2020,5.561459
Poland,1990,4.408371
Poland,1995,4.61736
Poland,2000,5.310688
Poland,2005,7.518205
Poland,2010,9.695692
Poland,2015,10.719436
Poland,2020,12.749085
Polynesia,1990,26.649307
Polynesia,1995,27.526558
Polynesia,2000,30.1386
Polynesia,2005,29.446392
Polynesia,2010,30.236387
Polynesia,2015,33.507694
Polynesia,2020,37.76986
Portugal,1990,18.916637
Portugal,1995,19.03482
Portugal,2000,19.362633
Portugal,2005,16.586668
Portugal,2010,18.18976
Portugal,2015,19.0161
Portugal,2020,20.412659
Puerto Rico,1990,35.268463
Puerto Rico,1995,39.398563
Puerto Rico,2000,43.61073
Puerto Rico,2005,45.15603
Puerto Rico,2010,48.376938
Puerto Rico,2015,50.74112
Puerto Rico,2020,64.684814
Qatar,1990,2.5562963
Qatar,1995,2.590725
Qatar,2000,2.4777753
Qatar,2005,1.9795243
Qatar,2010,1.1137035
Qatar,2015,0.9188107
Qatar,2020,0.8922063
Reunion,1990,0.50558156
Reunion,1995,0.38943318
Reunion,2000,0.3203414
Reunion,2005,0.32289115
Reunion,2010,0.33100262
Reunion,2015,0.33670813
Reunion,2020,0.3422286
Romania,1990,3.4562886
Romania,1995,4.25318
Romania,2000,5.144343
Romania,2005,9.832739
Romania,2010,16.429192
Romania,2015,17.167793
Romania,2020,20.725433
Russia,1990,8.5766945
Russia,1995,7.8176866
Russia,2000,7.2844315
Russia,2005,7.171153
Russia,2010,7.052364
Russia,2015,7.0214124
Russia,2020,7.3709097
Rwanda,1990,7.514416
Rwanda,1995,35.301403
Rwanda,2000,4.01072
Rwanda,2005,3.2702806
Rwanda,2010,3.329343
Rwanda,2015,4.430153
Rwanda,2020,3.8023553
Saint Barthelemy,1990,0
Saint Barthelemy,1995,0
Saint Barthelemy,2000,0
Saint Barthelemy,2005,0
Saint Barthelemy,2010,0
Saint Barthelemy,2015,0
Saint Barthelemy,2020,0
Saint Helena,1990,13.285242
Saint Helena,1995,35.345932
Saint Helena,2000,61.364388
Saint Helena,2005,61.038475
Saint Helena,2010,69.592896
Saint Helena,2015,73.010735
Saint Helena,2020,80.4645
Saint Kitts and Nevis,1990,46.24441
Saint Kitts and Nevis,1995,58.611595
Saint Kitts and Nevis,2000,70.02019
Saint Kitts and Nevis,2005,71.11116
Saint Kitts and Nevis,2010,73.03462
Saint Kitts and Nevis,2015,78.530975
Saint Kitts and Nevis,2020,94.53489
Saint Lucia,1990,15.93911
Saint Lucia,1995,20.883633
Saint Lucia,2000,25.23718
Saint Lucia,2005,28.69933
Saint Lucia,2010,28.903109
Saint Lucia,2015,32.344486
Saint Lucia,2020,38.788536
Saint Martin (French part),1990,0
Saint Martin (French part),1995,0
Saint Martin (French part),2000,0
Saint Martin (French part),2005,0
Saint Martin (French part),2010,0
Saint Martin (French part),2015,0
Saint Martin (French part),2020,0
Saint Pierre and Miquelon,1990,7.5646043
Saint Pierre and Miquelon,1995,7.465957
Saint Pierre and Miquelon,2000,7.6849794
Saint Pierre and Miquelon,2005,6.9687552
Saint Pierre and Miquelon,2010,6.1311116
Saint Pierre and Miquelon,2015,6.675567
Saint Pierre and Miquelon,2020,7.4719586
Saint Vincent and the Grenadines,1990,34.43143
Saint Vincent and the Grenadines,1995,42.269283
Saint Vincent and the Grenadines,2000,49.67482
Saint Vincent and the Grenadines,2005,51.19917
Saint Vincent and the Grenadines,2010,51.20543
Saint Vincent and the Grenadines,2015,57.07793
Saint Vincent and the Grenadines,2020,50.04642
Samoa,1990,45.984264
Samoa,1995,48.192883
Samoa,2000,54.192513
Samoa,2005,55.21305
Samoa,2010,56.37181
Samoa,2015,60.387062
Samoa,2020,68.40986
San Marino,1990,5.8572373
San Marino,1995,9.473481
San Marino,2000,12.723963
San Marino,2005,9.913382
San Marino,2010,7.257935
San Marino,2015,11.085061
San Marino,2020,7.0923448
Sao Tome and Principe,1990,11.714523
Sao Tome and Principe,1995,14.627237
Sao Tome and Principe,2000,17.674885
Sao Tome and Principe,2005,18.961466
Sao Tome and Principe,2010,17.146786
Sao Tome and Principe,2015,17.630453
Sao Tome and Principe,2020,18.07256
Saudi Arabia,1990,0.6593964
Saudi Arabia,1995,0.7023579
Saudi Arabia,2000,0.7433952
Saudi Arabia,2005,0.7505151
Saudi Arabia,2010,0.7852898
Saudi Arabia,2015,0.8919506
Saudi Arabia,2020,0.85962296
Senegal,1990,4.9193187
Senegal,1995,4.1318135
Senegal,2000,4.0275445
Senegal,2005,4.242586
Senegal,2010,4.3184166
Senegal,2015,4.077985
Senegal,2020,4.143382
Serbia,1990,7.8017673
Serbia,1995,9.248266
Serbia,2000,11.930493
Serbia,2005,10.448553
Serbia,2010,10.410123
Serbia,2015,9.315216
Serbia,2020,11.490437
Seychelles,1990,50.4917
Seychelles,1995,36.264725
Seychelles,2000,23.758612
Seychelles,2005,26.49348
Seychelles,2010,28.411469
Seychelles,2015,28.93526
Seychelles,2020,29.751883
Sierra Leone,1990,1.4318609
Sierra Leone,1995,10.637361
Sierra Leone,2000,11.104597
Sierra Leone,2005,2.690329
Sierra Leone,2010,1.9753302
Sierra Leone,2015,1.9422443
Sierra Leone,2020,1.9115744
Singapore,1990,5.192355
Singapore,1995,4.7674904
Singapore,2000,4.7886853
Singapore,2005,5.525081
Singapore,2010,5.5040274
Singapore,2015,5.8052697
Singapore,2020,5.9563007
Sint Maarten (Dutch part),1990,2.4536684
Sint Maarten (Dutch part),1995,2.9328713
Sint Maarten (Dutch part),2000,3.6420588
Sint Maarten (Dutch part),2005,3.7265222
Sint Maarten (Dutch part),2010,9.667505
Sint Maarten (Dutch part),2015,4.826482
Sint Maarten (Dutch part),2020,5.1093698
Slovakia,1990,2.5144773
Slovakia,1995,3.5645254
Slovakia,2000,4.658703
Slovakia,2005,5.0348196
Slovakia,2010,4.8231287
Slovakia,2015,6.390907
Slovakia,2020,7.686418
Slovenia,1990,4.557756
Slovenia,1995,5.454753
Slovenia,2000,5.9696336
Slovenia,2005,5.9849753
Slovenia,2010,6.017023
Slovenia,2015,6.5922203
Slovenia,2020,7.7057357
Small island developing States (SIDS),1990,10.955216
Small island developing States (SIDS),1995,12.223423
Small island developing States (SIDS),2000,13.53629
Small island developing States (SIDS),2005,13.936186
Small island developing States (SIDS),2010,14.417552
Small island developing States (SIDS),2015,15.211696
Small island developing States (SIDS),2020,16.048592
Solomon Islands,1990,0.7092722
Solomon Islands,1995,0.707534
Solomon Islands,2000,0.6610689
Solomon Islands,2005,0.63819647
Solomon Islands,2010,0.6386151
Solomon Islands,2015,0.64430237
Solomon Islands,2020,0.6216533
Somalia,1990,11.737641
Somalia,1995,12.933818
Somalia,2000,11.340167
Somalia,2005,10.155715
Somalia,2010,13.245957
Somalia,2015,14.557224
Somalia,2020,12.799301
South Africa,1990,0.83727103
South Africa,1995,0.9315335
South Africa,2000,1.115467
South Africa,2005,1.2568829
South Africa,2010,1.4522667
South Africa,2015,1.420122
South Africa,2020,1.5426086
South America,1990,1.4592466
South America,1995,1.658501
South America,2000,1.8465244
South America,2005,2.3810582
South America,2010,2.8429184
South America,2015,2.8565803
South America,2020,4.0887604
South Korea,1990,3.5256708
South Korea,1995,3.740653
South Korea,2000,3.9582908
South Korea,2005,4.0543523
South Korea,2010,4.5459523
South Korea,2015,4.235343
South Korea,2020,4.299959
South Sudan,1990,9.375179
South Sudan,1995,8.55875
South Sudan,2000,5.5267963
South Sudan,2005,3.0326312
South Sudan,2010,4.2343316
South Sudan,2015,9.898395
South Sudan,2020,23.011724
South-Eastern Asia,1990,1.7381366
South-Eastern Asia,1995,1.996117
South-Eastern Asia,2000,2.302473
South-Eastern Asia,2005,2.5905466
South-Eastern Asia,2010,3.0344243
South-Eastern Asia,2015,3.277263
South-Eastern Asia,2020,3.5267775
Southern Africa,1990,1.3717055
Southern Africa,1995,1.2763482
Southern Africa,2000,1.4235166
Southern Africa,2005,1.6554475
Southern Africa,2010,2.0550597
Southern Africa,2015,1.7939992
Southern Africa,2020,1.8938754
Southern Asia,1990,2.1333685
Southern Asia,1995,1.7316399
Southern Asia,2000,1.6775959
Southern Asia,2005,1.663628
Southern Asia,2010,1.9765837
Southern Asia,2015,2.1365623
Southern Asia,2020,2.2363803
Southern Europe,1990,7.4024687
Southern Europe,1995,8.237893
Southern Europe,2000,8.734299
Southern Europe,2005,7.7067833
Southern Europe,2010,7.664664
Southern Europe,2015,7.8693776
Southern Europe,2020,9.208743
Spain,1990,3.6706922
Spain,1995,3.424221
Spain,2000,3.1613522
Spain,2005,2.531775
Spain,2010,2.316317
Spain,2015,2.7195861
Spain,2020,3.1864612
Sri Lanka,1990,5.100403
Sri Lanka,1995,5.0624027
Sri Lanka,2000,5.214153
Sri Lanka,2005,5.891807
Sri Lanka,2010,7.1775284
Sri Lanka,2015,7.9216146
Sri Lanka,2020,9.153328
Sub-Saharan Africa,1990,3.1256943
Sub-Saharan Africa,1995,2.9404714
Sub-Saharan Africa,2000,2.4447331
Sub-Saharan Africa,2005,2.3673022
Sub-Saharan Africa,2010,2.384456
Sub-Saharan Africa,2015,2.5242841
Sub-Saharan Africa,2020,2.5845602
Sudan,1990,2.9032502
Sudan,1995,3.218026
Sudan,2000,3.247147
Sudan,2005,4.1281166
Sudan,2010,3.5756042
Sudan,2015,4.736407
Sudan,2020,4.800278
Suriname,1990,43.89699
Suriname,1995,43.348324
Suriname,2000,44.850132
Suriname,2005,49.810097
Suriname,2010,48.894783
Suriname,2015,45.536686
Suriname,2020,46.57231
Sweden,1990,2.4037936
Sweden,1995,2.5536923
Sweden,2000,2.889218
Sweden,2005,2.9645321
Sweden,2010,3.1086168
Sweden,2015,3.0968723
Sweden,2020,3.2436109
Switzerland,1990,4.8938255
Switzerland,1995,4.849519
Switzerland,2000,5.1855297
Switzerland,2005,6.7998023
Switzerland,2010,7.996044
Switzerland,2015,7.772357
Switzerland,2020,8.245575
Syria,1990,4.9837427
Syria,1995,4.6096573
Syria,2000,4.3085527
Syria,2005,4.4297867
Syria,2010,4.9494205
Syria,2015,35.826504
Syria,2020,48.325127
Taiwan,1990,0
Taiwan,1995,0
Taiwan,2000,0
Taiwan,2005,0
Taiwan,2010,0
Taiwan,2015,0
Taiwan,2020,0
Tajikistan,1990,10.176348
Tajikistan,1995,9.634773
Tajikistan,2000,8.70583
Tajikistan,2005,8.634667
Tajikistan,2010,7.7669215
Tajikistan,2015,6.920496
Tajikistan,2020,6.152999
Tanzania,1990,0.8056032
Tanzania,1995,0.772876
Tanzania,2000,0.64318
Tanzania,2005,0.61096495
Tanzania,2010,0.59118944
Tanzania,2015,0.57126445
Tanzania,2020,0.54886967
Thailand,1990,0.54266936
Thailand,1995,0.6926129
Thailand,2000,0.8435357
Thailand,2005,0.9656295
Thailand,2010,1.1448123
Thailand,2015,1.3413323
Thailand,2020,1.5572857
Togo,1990,5.1354284
Togo,1995,7.3259473
Togo,2000,5.4253044
Togo,2005,7.231447
Togo,2010,6.496406
Togo,2015,6.764564
Togo,2020,6.58807
Tokelau,1990,104.98753
Tokelau,1995,120.10617
Tokelau,2000,132.96774
Tokelau,2005,172.30008
Tokelau,2010,192.02835
Tokelau,2015,174.09784
Tokelau,2020,156.44444
Tonga,1990,34.359253
Tonga,1995,39.81161
Tonga,2000,47.41022
Tonga,2005,47.90205
Tonga,2010,49.548473
Tonga,2015,58.744793
Tonga,2020,70.53181
Trinidad and Tobago,1990,16.16875
Trinidad and Tobago,1995,20.02408
Trinidad and Tobago,2000,24.290163
Trinidad and Tobago,2005,24.906036
Trinidad and Tobago,2010,26.391489
Trinidad and Tobago,2015,26.901
Trinidad and Tobago,2020,23.617086
Tunisia,1990,5.6481466
Tunisia,1995,5.2264338
Tunisia,2000,5.015931
Tunisia,2005,5.7289176
Tunisia,2010,5.789542
Tunisia,2015,6.9264703
Tunisia,2020,7.6342936
Turkey,1990,4.6603527
Turkey,1995,4.739099
Turkey,2000,4.502412
Turkey,2005,3.795543
Turkey,2010,3.7453928
Turkey,2015,3.9138634
Turkey,2020,4.0448728
Turkmenistan,1990,7.057724
Turkmenistan,1995,5.7873626
Turkmenistan,2000,4.968814
Turkmenistan,2005,4.878149
Turkmenistan,2010,4.612252
Turkmenistan,2015,4.286053
Turkmenistan,2020,4.0216627
Turks and Caicos Islands,1990,19.050764
Turks and Caicos Islands,1995,9.450711
Turks and Caicos Islands,2000,3.6686332
Turks and Caicos Islands,2005,4.2227035
Turks and Caicos Islands,2010,6.727295
Turks and Caicos Islands,2015,6.8206453
Turks and Caicos Islands,2020,6.9450903
Tuvalu,1990,26.37486
Tuvalu,1995,29.447191
Tuvalu,2000,27.800255
Tuvalu,2005,29.178755
Tuvalu,2010,28.618954
Tuvalu,2015,28.858456
Tuvalu,2020,31.122795
Uganda,1990,1.7954588
Uganda,1995,1.7732142
Uganda,2000,2.189313
Uganda,2005,2.1188755
Uganda,2010,2.2565815
Uganda,2015,2.056821
Uganda,2020,1.7084017
Ukraine,1990,10.775715
Ukraine,1995,11.013196
Ukraine,2000,11.459337
Ukraine,2005,11.870954
Ukraine,2010,11.857674
Ukraine,2015,12.905919
Ukraine,2020,14.03754
United Arab Emirates,1990,4.3479214
United Arab Emirates,1995,4.0548234
United Arab Emirates,2000,3.5443404
United Arab Emirates,2005,2.7378361
United Arab Emirates,2010,1.8199887
United Arab Emirates,2015,1.925143
United Arab Emirates,2020,2.054659
United Kingdom,1990,6.632287
United Kingdom,1995,6.40168
United Kingdom,2000,6.5508986
United Kingdom,2005,6.875679
United Kingdom,2010,6.985411
United Kingdom,2015,6.649493
United Kingdom,2020,6.97126
United States,1990,0.68467826
United States,1995,0.6891708
United States,2000,0.7026093
United States,2005,0.7786609
United States,2010,0.8642566
United States,2015,0.8469756
United States,2020,0.9051961
United States Virgin Islands,1990,2.225435
United States Virgin Islands,1995,2.8215444
United States Virgin Islands,2000,3.5077715
United States Virgin Islands,2005,3.3747368
United States Virgin Islands,2010,3.4981053
United States Virgin Islands,2015,3.7665555
United States Virgin Islands,2020,3.7424707
Upper-middle-income countries,1990,2.0783837
Upper-middle-income countries,1995,2.2434886
Upper-middle-income countries,2000,2.3992522
Upper-middle-income countries,2005,2.5381007
Upper-middle-income countries,2010,2.751839
Upper-middle-income countries,2015,2.759657
Upper-middle-income countries,2020,3.008716
Uruguay,1990,7.637193
Uruguay,1995,7.2572284
Uruguay,2000,7.0981894
Uruguay,2005,9.000725
Uruguay,2010,10.074739
Uruguay,2015,10.352393
Uruguay,2020,10.566749
Uzbekistan,1990,7.000469
Uzbekistan,1995,6.6505585
Uzbekistan,2000,6.362406
Uzbekistan,2005,6.5469885
Uzbekistan,2010,6.6241693
Uzbekistan,2015,6.3887887
Uzbekistan,2020,6.0587735
Vanuatu,1990,3.3218489
Vanuatu,1995,3.3366833
Vanuatu,2000,3.3747106
Vanuatu,2005,3.4709148
Vanuatu,2010,3.2563417
Vanuatu,2015,2.4899678
Vanuatu,2020,2.359108
Vatican,1990,1.312336
Vatican,1995,3.3419023
Vatican,2000,5.189873
Vatican,2005,13.784462
Vatican,2010,22.349936
Vatican,2015,39.240505
Vatican,2020,21.508034
Venezuela,1990,0.9448132
Venezuela,1995,1.1028363
Venezuela,2000,1.3134388
Venezuela,2005,1.6536003
Venezuela,2010,1.9709183
Venezuela,2015,2.3573701
Venezuela,2020,19.043985
Vietnam,1990,2.214463
Vietnam,1995,2.4593627
Vietnam,2000,2.7011898
Vietnam,2005,2.8344858
Vietnam,2010,2.9905787
Vietnam,2015,3.1393857
Vietnam,2020,3.484769
Wallis and Futuna,1990,47.005947
Wallis and Futuna,1995,49.07754
Wallis and Futuna,2000,50.357216
Wallis and Futuna,2005,49.782417
Wallis and Futuna,2010,58.844395
Wallis and Futuna,2015,91.55929
Wallis and Futuna,2020,105.96656
Western Africa,1990,2.7978334
Western Africa,1995,3.0590138
Western Africa,2000,2.7205057
Western Africa,2005,2.7813423
Western Africa,2010,2.6742983
Western Africa,2015,2.6799848
Western Africa,2020,2.627313
Western Asia,1990,7.4695854
Western Asia,1995,7.3301735
Western Asia,2000,7.0411506
Western Asia,2005,6.7625422
Western Asia,2010,6.910822
Western Asia,2015,8.418627
Western Asia,2020,9.040726
Western Europe,1990,3.475893
Western Europe,1995,3.5407991
Western Europe,2000,3.7475536
Western Europe,2005,4.0186944
Western Europe,2010,4.3727293
Western Europe,2015,4.370338
Western Europe,2020,4.678864
Western Sahara,1990,77.436966
Western Sahara,1995,65.38463
Western Sahara,2000,52.86582
Western Sahara,2005,30.00759
Western Sahara,2010,35.437504
Western Sahara,2015,35.325184
Western Sahara,2020,32.63389
World,1990,2.8717763
World,1995,2.807869
World,2000,2.8197405
World,2005,2.9264681
World,2010,3.1764956
World,2015,3.3599656
World,2020,3.5998123
Yemen,1990,3.8897736
Yemen,1995,3.2605028
Yemen,2000,3.0409205
Yemen,2005,3.1275475
Yemen,2010,3.7848783
Yemen,2015,4.1333117
Yemen,2020,4.3625274
Zambia,1990,1.0601294
Zambia,1995,1.548874
Zambia,2000,1.5380366
Zambia,2005,1.5308305
Zambia,2010,1.3432764
Zambia,2015,1.1610725
Zambia,2020,1.0917128
Zimbabwe,1990,1.9589243
Zimbabwe,1995,2.5238984
Zimbabwe,2000,2.962467
Zimbabwe,2005,4.1466055
Zimbabwe,2010,5.9431343
Zimbabwe,2015,8.448022
Zimbabwe,2020,8.365203