Entity,Year,Share of the population that was born in another country
Afghanistan,1990,0.46474826
Afghanistan,1995,0.39491653
Afghanistan,2000,0.3653376
Afghanistan,2005,0.34034875
Afghanistan,2010,0.35043415
Afghanistan,2015,0.9863309
Afghanistan,2020,0.3701622
Africa,1990,2.4890416
Africa,1995,2.2804627
Africa,2000,1.8559766
Africa,2005,1.7508063
Africa,2010,1.713327
Africa,2015,1.9333594
Africa,2020,1.8938907
Albania,1990,2.008874
Albania,1995,2.2921865
Albania,2000,2.4509099
Albania,2005,2.0972784
Albania,2010,1.7904844
Albania,2015,1.8000542
Albania,2020,1.6960872
Algeria,1990,1.0635326
Algeria,1995,0.9111688
Algeria,2000,0.80570865
Algeria,2005,0.5964696
Algeria,2010,0.6039005
Algeria,2015,0.6027811
Algeria,2020,0.5709739
American Samoa,1990,44.947308
American Samoa,1995,43.451595
American Samoa,2000,43.088417
American Samoa,2005,40.68875
American Samoa,2010,41.9995
American Samoa,2015,42.13346
American Samoa,2020,42.77044
Andorra,1990,71.34916
Andorra,1995,69.223305
Andorra,2000,64.45481
Andorra,2005,63.772488
Andorra,2010,61.634735
Andorra,2015,54.18948
Andorra,2020,58.984016
Angola,1990,0.28288242
Angola,1995,0.285496
Angola,2000,0.2812239
Angola,2005,0.32073826
Angola,2010,1.4401586
Angola,2015,2.2671402
Angola,2020,1.9972879
Anguilla,1990,28.895885
Anguilla,1995,33.6137
Anguilla,2000,36.12519
Anguilla,2005,37.64668
Anguilla,2010,37.980053
Anguilla,2015,38.315006
Anguilla,2020,38.09492
Antigua and Barbuda,1990,19.236244
Antigua and Barbuda,1995,25.556267
Antigua and Barbuda,2000,30.353783
Antigua and Barbuda,2005,30.371216
Antigua and Barbuda,2010,30.003408
Antigua and Barbuda,2015,30.011435
Antigua and Barbuda,2020,30.007761
Argentina,1990,5.058208
Argentina,1995,4.5798244
Argentina,2000,4.1773415
Argentina,2005,4.304544
Argentina,2010,4.4160013
Argentina,2015,4.843368
Argentina,2020,5.0485425
Armenia,1990,18.619516
Armenia,1995,21.570522
Armenia,2000,21.432781
Armenia,2005,15.737932
Armenia,2010,7.338337
Armenia,2015,6.535469
Armenia,2020,6.4236913
Aruba,1990,23.2398
Aruba,1995,27.730192
Aruba,2000,33.130104
Aruba,2005,32.53089
Aruba,2010,33.7658
Aruba,2015,34.61218
Aruba,2020,50.196693
Asia,1990,1.494373
Asia,1995,1.3288546
Asia,2000,1.3115085
Asia,2005,1.3386116
Asia,2010,1.5707843
Asia,2015,1.7411002
Asia,2020,1.8448069
Australia,1990,23.320005
Australia,1995,23.082926
Australia,2000,23.09594
Australia,2005,24.174341
Australia,2010,26.55411
Australia,2015,28.119629
Australia,2020,30.140768
Australia and New Zealand,1990,21.972147
Australia and New Zealand,1995,21.884539
Australia and New Zealand,2000,22.166164
Australia and New Zealand,2005,23.517342
Australia and New Zealand,2010,25.751133
Australia and New Zealand,2015,27.216375
Australia and New Zealand,2020,29.904194
Austria,1990,10.269856
Austria,1995,11.200005
Austria,2000,12.349894
Austria,2005,13.656542
Austria,2010,15.159445
Austria,2015,17.089294
Austria,2020,19.299421
Azerbaijan,1990,4.9787664
Azerbaijan,1995,4.4251
Azerbaijan,2000,4.0323815
Azerbaijan,2005,3.5349314
Azerbaijan,2010,3.0656195
Azerbaijan,2015,2.7472317
Azerbaijan,2020,2.487658
Bahamas,1990,10.480941
Bahamas,1995,11.297777
Bahamas,2000,12.231039
Bahamas,2005,14.016093
Bahamas,2010,15.423907
Bahamas,2015,15.831373
Bahamas,2020,16.168676
Bahrain,1990,34.926914
Bahrain,1995,36.540665
Bahrain,2000,36.01526
Bahrain,2005,45.43832
Bahrain,2010,53.704998
Bahrain,2015,52.665047
Bahrain,2020,55.013126
Bangladesh,1990,0.8545122
Bangladesh,1995,0.81161374
Bangladesh,2000,0.77382857
Bangladesh,2005,0.7640279
Bangladesh,2010,0.9117683
Bangladesh,2015,0.9101579
Bangladesh,2020,1.2844836
Barbados,1990,9.206962
Barbados,1995,9.860314
Barbados,2000,10.468821
Barbados,2005,11.082803
Barbados,2010,11.634666
Barbados,2015,12.082628
Barbados,2020,12.133792
Belarus,1990,12.303816
Belarus,1995,11.771466
Belarus,2000,11.381965
Belarus,2005,11.576787
Belarus,2010,11.57443
Belarus,2015,11.472151
Belarus,2020,11.292769
Belgium,1990,12.797454
Belgium,1995,12.644459
Belgium,2000,12.335755
Belgium,2005,11.839828
Belgium,2010,13.747531
Belgium,2015,15.799954
Belgium,2020,17.304102
Belize,1990,16.210798
Belize,1995,16.160454
Belize,2000,14.753953
Belize,2005,14.601231
Belize,2010,14.386058
Belize,2015,15.13191
Belize,2020,15.603552
Benin,1990,1.5416524
Benin,1995,1.789892
Benin,2000,1.961201
Benin,2005,3.1109128
Benin,2010,3.361414
Benin,2015,3.4633634
Benin,2020,3.2522442
Bermuda,1990,25.447023
Bermuda,1995,26.286669
Bermuda,2000,27.19904
Bermuda,2005,27.328705
Bermuda,2010,28.364532
Bermuda,2015,30.162493
Bermuda,2020,31.697525
Bhutan,1990,4.4851084
Bhutan,1995,5.2320395
Bhutan,2000,5.437604
Bhutan,2005,6.2087665
Bhutan,2010,7.0634365
Bhutan,2015,7.021164
Bhutan,2020,6.9480515
Bolivia,1990,1.0744317
Bolivia,1995,1.0967507
Bolivia,2000,1.1006775
Bolivia,2005,1.1670438
Bolivia,2010,1.2225189
Bolivia,2015,1.3156534
Bolivia,2020,1.4059846
Bonaire Sint Eustatius and Saba,1990,100
Bonaire Sint Eustatius and Saba,1995,100
Bonaire Sint Eustatius and Saba,2000,100
Bonaire Sint Eustatius and Saba,2005,100
Bonaire Sint Eustatius and Saba,2010,100
Bonaire Sint Eustatius and Saba,2015,100
Bonaire Sint Eustatius and Saba,2020,100
Bosnia and Herzegovina,1990,1.2546427
Bosnia and Herzegovina,1995,1.8144453
Bosnia and Herzegovina,2000,2.2113597
Bosnia and Herzegovina,2005,1.2558521
Bosnia and Herzegovina,2010,1.0510114
Bosnia and Herzegovina,2015,1.1254864
Bosnia and Herzegovina,2020,1.0985684
Botswana,1990,2.1379344
Botswana,1995,2.734055
Botswana,2000,4.5598793
Botswana,2005,4.705802
Botswana,2010,4.7739277
Botswana,2015,4.8593493
Botswana,2020,4.689013
Brazil,1990,0.53590584
Brazil,1995,0.45769504
Brazil,2000,0.39166695
Brazil,2005,0.3430892
Brazil,2010,0.30280977
Brazil,2015,0.3473849
Brazil,2020,0.50795585
British Virgin Islands,1990,45.943165
British Virgin Islands,1995,52.03294
British Virgin Islands,2000,63.79166
British Virgin Islands,2005,64.98745
British Virgin Islands,2010,61.4333
British Virgin Islands,2015,67.020035
British Virgin Islands,2020,73.30093
Brunei,1990,28.29379
Brunei,1995,28.523924
Brunei,2000,28.903309
Brunei,2005,26.961864
Brunei,2010,25.882193
Brunei,2015,24.76007
Brunei,2020,25.591623
Bulgaria,1990,0.24328545
Bulgaria,1995,0.3870846
Bulgaria,2000,0.5421389
Bulgaria,2005,0.79451394
Bulgaria,2010,1.0274328
Bulgaria,2015,1.7195485
Bulgaria,2020,2.6532986
Burkina Faso,1990,3.9683428
Burkina Faso,1995,4.599698
Burkina Faso,2000,4.4828153
Burkina Faso,2005,4.452845
Burkina Faso,2010,4.321877
Burkina Faso,2015,3.8909554
Burkina Faso,2020,3.4635189
Burundi,1990,6.1245174
Burundi,1995,4.2567415
Burundi,2000,1.9694394
Burundi,2005,2.6174846
Burundi,2010,2.8507633
Burundi,2015,2.936004
Burundi,2020,2.899448
Cambodia,1990,0.42754817
Cambodia,1995,0.86551
Cambodia,2000,1.2018273
Cambodia,2005,0.8595867
Cambodia,2010,0.57313323
Cambodia,2015,0.47651523
Cambodia,2020,0.4745567
Cameroon,1990,2.257768
Cameroon,1995,1.7999359
Cameroon,2000,1.4647597
Cameroon,2005,1.4971911
Cameroon,2010,1.4329218
Cameroon,2015,2.1818945
Cameroon,2020,2.1819181
Canada,1990,15.733877
Canada,1995,16.680676
Canada,2000,18.019634
Canada,2005,18.899782
Canada,2010,19.800024
Canada,2015,20.619884
Canada,2020,21.32714
Cape Verde,1990,2.6426752
Cape Verde,1995,2.5833058
Cape Verde,2000,2.5753307
Cape Verde,2005,2.7427793
Cape Verde,2010,2.9175227
Cape Verde,2015,2.8440752
Cape Verde,2020,2.8396297
Caribbean,1990,3.027415
Caribbean,1995,3.1014802
Caribbean,2000,3.1937153
Caribbean,2005,3.2097256
Caribbean,2010,3.248373
Caribbean,2015,3.5218225
Caribbean,2020,3.6872513
Cayman Islands,1990,36.808
Cayman Islands,1995,39.383102
Cayman Islands,2000,45.327976
Cayman Islands,2005,41.978443
Cayman Islands,2010,42.45836
Cayman Islands,2015,42.437744
Cayman Islands,2020,44.494827
Central African Republic,1990,2.3954482
Central African Republic,1995,3.094088
Central African Republic,2000,3.3932614
Central African Republic,2005,2.3873186
Central African Republic,2010,2.1584244
Central African Republic,2015,1.8153771
Central African Republic,2020,1.83334
Central America,1990,1.6139101
Central America,1995,1.042856
Central America,2000,0.81847304
Central America,2005,0.9441835
Central America,2010,1.1111196
Central America,2015,1.1010501
Central America,2020,1.281237
Central Asia,1990,13.228849
Central Asia,1995,11.105682
Central Asia,2000,9.375738
Central Asia,2005,8.957889
Central Asia,2010,8.38298
Central Asia,2015,7.874989
Central Asia,2020,7.484695
Central and Southern Asia,1990,2.1103995
Central and Southern Asia,1995,1.5439487
Central and Southern Asia,2000,1.3320736
Central and Southern Asia,2005,1.1447297
Central and Southern Asia,2010,1.1083261
Central and Southern Asia,2015,1.0159779
Central and Southern Asia,2020,0.96428716
Chad,1990,1.2466692
Chad,1995,1.2779168
Chad,2000,1.2545397
Chad,2005,3.4875994
Chad,2010,3.489201
Chad,2015,3.309255
Chad,2020,3.3331225
Channel Islands,1990,43.830902
Channel Islands,1995,42.179398
Channel Islands,2000,43.31813
Channel Islands,2005,46.772026
Channel Islands,2010,48.57374
Channel Islands,2015,49.766304
Channel Islands,2020,48.365055
Chile,1990,0.80982375
Chile,1995,0.99032295
Chile,2000,1.1558334
Chile,2005,1.7077483
Chile,2010,2.2000723
Chile,2015,3.5600832
Chile,2020,8.605341
China,1990,0.031979457
China,1995,0.035634674
China,2000,0.03936567
China,2005,0.051018864
China,2010,0.06208755
China,2015,0.069520384
China,2020,0.07223357
Colombia,1990,0.3150118
Colombia,1995,0.29362652
Colombia,2000,0.2765811
Colombia,2005,0.24977413
Colombia,2010,0.28814954
Colombia,2015,0.33544773
Colombia,2020,3.744664
Comoros,1990,3.4205706
Comoros,1995,2.9320943
Comoros,2000,2.5442605
Comoros,2005,2.1596568
Comoros,2010,1.8295017
Comoros,2015,1.614926
Comoros,2020,1.4369907
Congo,1990,5.4902534
Congo,1995,7.077848
Congo,2000,9.780586
Congo,2005,8.797786
Congo,2010,9.948504
Congo,2015,8.034072
Congo,2020,7.024276
Cook Islands,1990,14.218192
Cook Islands,1995,14.059147
Cook Islands,2000,15.528296
Cook Islands,2005,17.18406
Cook Islands,2010,20.492605
Cook Islands,2015,23.70741
Cook Islands,2020,26.070372
Costa Rica,1990,13.387933
Costa Rica,1995,10.27456
Costa Rica,2000,7.847477
Costa Rica,2005,8.36303
Costa Rica,2010,8.864892
Costa Rica,2015,8.492441
Costa Rica,2020,10.22217
Cote d'Ivoire,1990,15.232246
Cote d'Ivoire,1995,14.622741
Cote d'Ivoire,2000,13.149126
Cote d'Ivoire,2005,12.340779
Cote d'Ivoire,2010,11.525561
Cote d'Ivoire,2015,10.637205
Cote d'Ivoire,2020,9.723369
Croatia,1990,9.95396
Croatia,1995,14.600815
Croatia,2000,13.217888
Croatia,2005,13.231254
Croatia,2010,13.244603
Croatia,2015,13.255604
Croatia,2020,12.862887
Cuba,1990,0.32608327
Cuba,1995,0.24050705
Cuba,2000,0.16667531
Cuba,2005,0.103830844
Cuba,2010,0.065678865
Cuba,2015,0.04105158
Cuba,2020,0.026698178
Curacao,2010,23.212322
Curacao,2015,23.528933
Curacao,2020,34.86289
Cyprus,1990,5.714073
Cyprus,1995,7.24125
Cyprus,2000,8.48903
Cyprus,2005,11.954281
Cyprus,2010,16.939522
Cyprus,2015,15.219206
Cyprus,2020,15.767116
Czechia,1990,1.0675497
Czechia,1995,1.5986577
Czechia,2000,2.1457963
Czechia,2005,3.144227
Czechia,2010,3.7820194
Czechia,2015,3.928296
Czechia,2020,5.0510964
Democratic Republic of Congo,1990,2.1789942
Democratic Republic of Congo,1995,4.370196
Democratic Republic of Congo,2000,1.580244
Democratic Republic of Congo,2005,1.1371704
Democratic Republic of Congo,2010,0.9136413
Democratic Republic of Congo,2015,1.0623949
Democratic Republic of Congo,2020,1.0639304
Denmark,1990,4.5746675
Denmark,1995,5.7925634
Denmark,2000,6.9465017
Denmark,2005,8.122599
Denmark,2010,9.015042
Denmark,2015,10.47474
Denmark,2020,12.388619
Developed regions,1990,7.2253737
Developed regions,1995,7.946692
Developed regions,2000,8.748364
Developed regions,2005,9.649099
Developed regions,2010,10.573833
Developed regions,2015,11.17237
Developed regions,2020,12.350029
Djibouti,1990,20.701633
Djibouti,1995,15.827471
Djibouti,2000,14.006441
Djibouti,2005,11.760004
Djibouti,2010,12.176593
Djibouti,2015,12.292259
Djibouti,2020,12.119206
Dominica,1990,3.5770073
Dominica,1995,4.3892837
Dominica,2000,5.345298
Dominica,2005,6.721451
Dominica,2010,11.442358
Dominica,2015,11.370565
Dominica,2020,11.506994
Dominican Republic,1990,4.0814657
Dominican Republic,1995,4.1357093
Dominican Republic,2000,4.1978245
Dominican Republic,2005,4.1267033
Dominican Republic,2010,4.0791564
Dominican Republic,2015,5.3424077
Dominican Republic,2020,5.565997
East Timor,1990,1.213585
East Timor,1995,1.1539286
East Timor,2000,1.1988249
East Timor,2005,1.1341232
East Timor,2010,1.0553105
East Timor,2015,0.7121995
East Timor,2020,0.6370398
Eastern Africa,1990,3.0223827
Eastern Africa,1995,2.222815
Eastern Africa,2000,1.883449
Eastern Africa,2005,1.6222513
Eastern Africa,2010,1.3979981
Eastern Africa,2015,1.718608
Eastern Africa,2020,1.7249
Eastern Asia,1990,0.28415754
Eastern Asia,1995,0.31680056
Eastern Asia,2000,0.35485396
Eastern Asia,2005,0.39820448
Eastern Asia,2010,0.44007137
Eastern Asia,2015,0.47816312
Eastern Asia,2020,0.53487784
Eastern Europe,1990,7.0996447
Eastern Europe,1995,6.8977704
Eastern Europe,2000,6.7241025
Eastern Europe,2005,6.6368136
Eastern Europe,2010,6.480992
Eastern Europe,2015,6.7373004
Eastern Europe,2020,7.1107383
Eastern and South-Eastern Asia,1990,0.37196025
Eastern and South-Eastern Asia,1995,0.42763412
Eastern and South-Eastern Asia,2000,0.51380414
Eastern and South-Eastern Asia,2005,0.61068374
Eastern and South-Eastern Asia,2010,0.7157969
Eastern and South-Eastern Asia,2015,0.7908705
Eastern and South-Eastern Asia,2020,0.834833
Ecuador,1990,0.7688743
Ecuador,1995,1.0047224
Ecuador,2000,1.1948705
Ecuador,2005,1.3734646
Ecuador,2010,2.4998345
Ecuador,2015,2.3902817
Ecuador,2020,4.4481344
Egypt,1990,0.30967242
Egypt,1995,0.26783928
Egypt,2000,0.2684437
Egypt,2005,0.37737355
Egypt,2010,0.374592
Egypt,2015,0.3825522
Egypt,2020,0.53152895
El Salvador,1990,0.8986591
El Salvador,1995,0.7024302
El Salvador,2000,0.53861034
El Salvador,2005,0.59531164
El Salvador,2010,0.6523739
El Salvador,2015,0.6649517
El Salvador,2020,0.6593536
Equatorial Guinea,1990,0.6536447
Equatorial Guinea,1995,0.7305221
Equatorial Guinea,2000,0.7451582
Equatorial Guinea,2005,0.87895435
Equatorial Guinea,2010,0.9175109
Equatorial Guinea,2015,17.937317
Equatorial Guinea,2020,16.437666
Eritrea,1990,0.52456135
Eritrea,1995,0.5625555
Eritrea,2000,0.56499416
Eritrea,2005,0.5626796
Eritrea,2010,0.49876404
Eritrea,2015,0.4768731
Eritrea,2020,0.3929025
Estonia,1990,24.404919
Estonia,1995,22.034143
Estonia,2000,17.83361
Estonia,2005,17.239037
Estonia,2010,16.356844
Estonia,2015,14.799632
Estonia,2020,15.022325
Eswatini,1990,9.1183
Eswatini,1995,3.7932277
Eswatini,2000,3.3899856
Eswatini,2005,3.240133
Eswatini,2010,3.0649645
Eswatini,2015,2.9303339
Eswatini,2020,2.8321857
Ethiopia,1990,2.412699
Ethiopia,1995,1.4144323
Ethiopia,2000,0.9231948
Ethiopia,2005,0.67383873
Ethiopia,2010,0.64895964
Ethiopia,2015,1.1520175
Ethiopia,2020,0.94422686
Europe,1990,6.8818264
Europe,1995,7.3576665
Europe,2000,7.8365602
Europe,2005,8.71888
Europe,2010,9.5907
Europe,2015,10.060989
Europe,2020,11.597363
Europe and Northern America,1990,7.716896
Europe and Northern America,1995,8.500753
Europe and Northern America,2000,9.365311
Europe and Northern America,2005,10.311508
Europe and Northern America,2010,11.262169
Europe and Northern America,2015,11.852923
Europe and Northern America,2020,13.024104
Falkland Islands,1990,43.18182
Falkland Islands,1995,34.706116
Falkland Islands,2000,36.88213
Falkland Islands,2005,39.525425
Falkland Islands,2010,49.483116
Falkland Islands,2015,55.394924
Falkland Islands,2020,56.187195
Faroe Islands,1990,9.063796
Faroe Islands,1995,6.3561645
Faroe Islands,2000,7.687535
Faroe Islands,2005,9.601727
Faroe Islands,2010,10.6604185
Faroe Islands,2015,11.414004
Faroe Islands,2020,13.940448
Fiji,1990,1.8231479
Fiji,1995,1.6766225
Fiji,2000,1.5682894
Fiji,2005,1.5133774
Fiji,2010,1.5534719
Fiji,2015,1.583064
Fiji,2020,1.5714312
Finland,1990,1.2660571
Finland,1995,1.948208
Finland,2000,2.6253707
Finland,2005,3.6541443
Finland,2010,4.25811
Finland,2015,5.744365
Finland,2020,6.9675446
France,1990,10.406906
France,1995,10.5325165
France,2000,10.6391735
France,2005,11.023537
France,2010,11.625381
France,2015,12.223348
France,2020,13.060238
French Guiana,1990,54.940235
French Guiana,1995,51.041485
French Guiana,2000,46.976948
French Guiana,2005,42.60074
French Guiana,2010,41.32603
French Guiana,2015,40.65316
French Guiana,2020,39.92507
French Polynesia,1990,12.921073
French Polynesia,1995,13.005356
French Polynesia,2000,12.601327
French Polynesia,2005,12.476234
French Polynesia,2010,11.874693
French Polynesia,2015,11.005459
French Polynesia,2020,10.708641
Gabon,1990,13.500679
Gabon,1995,15.800437
Gabon,2000,17.456705
Gabon,2005,16.815216
Gabon,2010,16.675163
Gabon,2015,19.442827
Gabon,2020,18.719763
Gambia,1990,12.361199
Gambia,1995,13.369934
Gambia,2000,13.850868
Gambia,2005,11.779082
Gambia,2010,10.363434
Gambia,2015,9.230725
Gambia,2020,8.923831
Georgia,1990,5.6274953
Georgia,1995,3.05923
Georgia,2000,1.7449287
Georgia,2005,1.6934282
Georgia,2010,1.7827833
Georgia,2015,1.9056056
Georgia,2020,1.9895843
Germany,1990,7.5090218
Germany,1995,9.199569
Germany,2000,11.0473385
Germany,2005,11.52222
Germany,2010,12.139833
Germany,2015,12.496322
Germany,2020,18.81322
Ghana,1990,1.1158732
Ghana,1995,1.4862945
Ghana,2000,0.9938404
Ghana,2005,1.4207518
Ghana,2010,1.3630801
Ghana,2015,1.4892491
Ghana,2020,1.5332052
Gibraltar,1990,29.877525
Gibraltar,1995,29.214306
Gibraltar,2000,25.912937
Gibraltar,2005,27.725603
Gibraltar,2010,30.873901
Gibraltar,2015,32.792957
Gibraltar,2020,33.21362
Greece,1990,6.044784
Greece,1995,7.9833403
Greece,2000,10.031174
Greece,2005,10.607823
Greece,2010,12.134393
Greece,2015,11.659987
Greece,2020,12.860489
Greenland,1990,16.693043
Greenland,1995,12.759362
Greenland,2000,11.7503605
Greenland,2005,11.512054
Greenland,2010,10.754264
Greenland,2015,10.658413
Greenland,2020,10.390685
Grenada,1990,4.4255047
Grenada,1995,5.528189
Grenada,2000,6.6367164
Grenada,2005,6.5948133
Grenada,2010,6.570834
Grenada,2015,6.4386926
Grenada,2020,6.410473
Guadeloupe,1990,16.941254
Guadeloupe,1995,18.469229
Guadeloupe,2000,19.710554
Guadeloupe,2005,22.105818
Guadeloupe,2010,23.380526
Guadeloupe,2015,22.72423
Guadeloupe,2020,22.544342
Guam,1990,53.4603
Guam,1995,49.404022
Guam,2000,47.68772
Guam,2005,47.18445
Guam,2010,47.30085
Guam,2015,47.011757
Guam,2020,47.677788
Guatemala,1990,2.8525705
Guatemala,1995,1.5005833
Guatemala,2000,0.41301224
Guatemala,2005,0.43688056
Guatemala,2010,0.4537532
Guatemala,2015,0.46055895
Guatemala,2020,0.47060192
Guinea,1990,6.353953
Guinea,1995,10.653979
Guinea,2000,6.7964206
Guinea,2005,2.562345
Guinea,2010,1.7539153
Guinea,2015,1.107907
Guinea,2020,0.9246853
Guinea-Bissau,1990,1.5757768
Guinea-Bissau,1995,2.5679386
Guinea-Bissau,2000,1.7023154
Guinea-Bissau,2005,1.5541317
Guinea-Bissau,2010,1.4048967
Guinea-Bissau,2015,1.2855693
Guinea-Bissau,2020,0.9118404
Guyana,1990,0.55091715
Guyana,1995,0.8343645
Guyana,2000,1.1530458
Guyana,2005,1.4565319
Guyana,2010,1.091763
Guyana,2015,1.1285676
Guyana,2020,3.9627035
Haiti,1990,0.27115986
Haiti,1995,0.23408844
Haiti,2000,0.20347829
Haiti,2005,0.1779172
Haiti,2010,0.17269525
Haiti,2015,0.16873388
Haiti,2020,0.16561233
High-income countries,1990,7.404488
High-income countries,1995,8.251331
High-income countries,2000,9.250412
High-income countries,2005,10.483643
High-income countries,2010,12.109621
High-income countries,2015,13.078319
High-income countries,2020,14.68792
Honduras,1990,5.457246
Honduras,1995,2.6176517
Honduras,2000,0.43289918
Honduras,2005,0.3745015
Honduras,2010,0.32808065
Honduras,2015,0.42061237
Honduras,2020,0.3957249
Hong Kong,1990,38.730717
Hong Kong,1995,40.166077
Hong Kong,2000,40.402504
Hong Kong,2005,40.197994
Hong Kong,2010,39.905552
Hong Kong,2015,39.536823
Hong Kong,2020,39.515762
Hungary,1990,3.348805
Hungary,1995,3.1135802
Hungary,2000,2.9055011
Hungary,2005,3.6366162
Hungary,2010,4.398099
Hungary,2015,4.8630767
Hungary,2020,6.051199
Iceland,1990,3.757783
Iceland,1995,4.759609
Iceland,2000,5.6668296
Iceland,2005,8.642059
Iceland,2010,10.95423
Iceland,2015,11.831503
Iceland,2020,19.171867
India,1990,0.869689
India,1995,0.72124445
India,2000,0.6068029
India,2005,0.5173134
India,2010,0.45160034
India,2015,0.39772832
India,2020,0.35352814
Indonesia,1990,0.256658
Indonesia,1995,0.1924297
Indonesia,2000,0.13819759
Indonesia,2005,0.12784952
Indonesia,2010,0.12714784
Indonesia,2015,0.13086142
Indonesia,2020,0.12997232
Iran,1990,7.613783
Iran,1995,4.7811537
Iran,2000,3.7737591
Iran,2005,3.6584291
Iran,2010,3.6907592
Iran,2015,3.4779744
Iran,2020,3.330321
Iraq,1990,0.48015073
Iraq,1995,0.9899083
Iraq,2000,0.895943
Iraq,2005,0.50093454
Iraq,2010,0.40503696
Iraq,2015,1.0102026
Iraq,2020,0.90935665
Ireland,1990,6.4929857
Ireland,1995,6.316276
Ireland,2000,9.266275
Ireland,2005,14.22398
Ireland,2010,16.040604
Ireland,2015,16.319593
Ireland,2020,17.644634
Isle of Man,1990,49.463665
Isle of Man,1995,51.136097
Isle of Man,2000,50.69013
Isle of Man,2005,51.654564
Isle of Man,2010,51.20086
Isle of Man,2015,50.747307
Isle of Man,2020,50.616238
Israel,1990,36.7036
Israel,1995,33.99848
Israel,2000,31.135635
Israel,2005,28.938076
Israel,2010,26.627705
Israel,2015,25.214363
Israel,2020,22.570225
Italy,1990,2.5035288
Italy,1995,3.1044552
Italy,2000,3.7424705
Italy,2005,6.7857037
Italy,2010,9.756208
Italy,2015,9.583151
Italy,2020,10.563686
Jamaica,1990,0.846109
Jamaica,1995,0.89643425
Jamaica,2000,0.9399186
Jamaica,2005,0.8862774
Jamaica,2010,0.8424587
Jamaica,2015,0.80127317
Jamaica,2020,0.79796404
Japan,1990,0.8636721
Japan,1995,1.0781195
Japan,2000,1.3224505
Japan,2005,1.5675336
Japan,2010,1.6602707
Japan,2015,1.7441001
Japan,2020,2.1909184
Jordan,1990,32.147644
Jordan,1995,33.496403
Jordan,2000,37.634884
Jordan,2005,38.135235
Jordan,2010,38.378258
Jordan,2015,34.17618
Jordan,2020,33.8885
Kazakhstan,1990,22.090004
Kazakhstan,1995,20.530935
Kazakhstan,2000,19.260519
Kazakhstan,2005,20.145859
Kazakhstan,2010,20.51982
Kazakhstan,2015,20.180162
Kazakhstan,2020,19.876078
Kenya,1990,1.2564567
Kenya,1995,2.2282426
Kenya,2000,2.2144902
Kenya,2005,2.1115527
Kenya,2010,2.2719712
Kenya,2015,2.3536446
Kenya,2020,1.9529879
Kiribati,1990,2.9864354
Kiribati,1995,2.8604147
Kiribati,2000,2.704816
Kiribati,2005,2.69392
Kiribati,2010,2.7863595
Kiribati,2015,2.6314604
Kiribati,2020,2.617082
Kuwait,1990,51.275013
Kuwait,1995,57.410175
Kuwait,2000,55.138004
Kuwait,2005,58.74074
Kuwait,2010,62.663258
Kuwait,2015,74.724815
Kuwait,2020,72.82784
Kyrgyzstan,1990,14.248785
Kyrgyzstan,1995,11.351886
Kyrgyzstan,2000,7.922106
Kyrgyzstan,2005,6.0961237
Kyrgyzstan,2010,4.2798276
Kyrgyzstan,2015,3.4297311
Kyrgyzstan,2020,3.0503552
Land-locked Developing Countries (LLDC),1990,5.3461485
Land-locked Developing Countries (LLDC),1995,4.1413193
Land-locked Developing Countries (LLDC),2000,3.4448056
Land-locked Developing Countries (LLDC),2005,3.0895371
Land-locked Developing Countries (LLDC),2010,2.756891
Land-locked Developing Countries (LLDC),2015,2.9170384
Land-locked Developing Countries (LLDC),2020,2.8177636
Laos,1990,0.5369533
Laos,1995,0.4854248
Laos,2000,0.4122696
Laos,2005,0.3541751
Laos,2010,0.5273502
Laos,2015,0.67552173
Laos,2020,0.66979074
Latin America and the Caribbean,1990,1.6114104
Latin America and the Caribbean,1995,1.3791515
Latin America and the Caribbean,2000,1.2532164
Latin America and the Caribbean,2005,1.2886279
Latin America and the Caribbean,2010,1.4080586
Latin America and the Caribbean,2015,1.5132211
Latin America and the Caribbean,2020,2.262305
Latvia,1990,24.245443
Latvia,1995,21.450993
Latvia,2000,18.043243
Latvia,2005,16.728493
Latvia,2010,14.809225
Latvia,2015,13.2863455
Latvia,2020,12.693338
Least developed countries,1990,2.1846244
Least developed countries,1995,2.0152054
Least developed countries,2000,1.5313003
Least developed countries,2005,1.3157936
Least developed countries,2010,1.246915
Least developed countries,2015,1.4280807
Least developed countries,2020,1.5305599
Lebanon,1990,18.68309
Lebanon,1995,17.240297
Lebanon,2000,18.031584
Lebanon,2005,15.796569
Lebanon,2010,16.014149
Lebanon,2015,29.333424
Lebanon,2020,25.093788
Lesotho,1990,0.48363703
Lesotho,1995,0.3794379
Lesotho,2000,0.3033739
Lesotho,2005,0.3151121
Lesotho,2010,0.32141113
Lesotho,2015,0.44448525
Lesotho,2020,0.56295896
Less developed regions,1990,1.6791868
Less developed regions,1995,1.4941835
Less developed regions,2000,1.3979151
Less developed regions,2005,1.4020774
Less developed regions,2010,1.5802175
Less developed regions,2015,1.7566731
Less developed regions,2020,1.8913558
"Less developed regions, excluding China",1990,2.2636843
"Less developed regions, excluding China",1995,1.9735103
"Less developed regions, excluding China",2000,1.8112811
"Less developed regions, excluding China",2005,1.789772
"Less developed regions, excluding China",2010,2.0004985
"Less developed regions, excluding China",2015,2.2063897
"Less developed regions, excluding China",2020,2.355131
"Less developed regions, excluding least developed countries",1990,1.6095651
"Less developed regions, excluding least developed countries",1995,1.4185833
"Less developed regions, excluding least developed countries",2000,1.3775185
"Less developed regions, excluding least developed countries",2005,1.4160715
"Less developed regions, excluding least developed countries",2010,1.6372943
"Less developed regions, excluding least developed countries",2015,1.8163501
"Less developed regions, excluding least developed countries",2020,1.9611793
Liberia,1990,4.574557
Liberia,1995,10.200391
Liberia,2000,5.331607
Liberia,2005,2.7101898
Liberia,2010,2.5483398
Liberia,2015,2.506826
Liberia,2020,1.7388813
Libya,1990,10.302225
Libya,1995,10.265951
Libya,2000,10.590655
Libya,2005,10.785541
Libya,2010,11.087914
Libya,2015,12.014773
Libya,2020,12.028852
Liechtenstein,1990,37.88121
Liechtenstein,1995,43.099987
Liechtenstein,2000,46.658028
Liechtenstein,2005,54.432858
Liechtenstein,2010,62.06801
Liechtenstein,2015,63.52329
Liechtenstein,2020,67.852745
Lithuania,1990,9.449532
Lithuania,1995,7.543879
Lithuania,2000,6.119951
Lithuania,2005,6.0165496
Lithuania,2010,5.1466393
Lithuania,2015,4.639391
Lithuania,2020,5.333155
Low-income countries,1990,3.0301793
Low-income countries,1995,2.5645242
Low-income countries,2000,1.8226258
Low-income countries,2005,1.5621822
Low-income countries,2010,1.6529016
Low-income countries,2015,1.7110674
Low-income countries,2020,1.7828648
Lower-middle-income countries,1990,1.8083782
Lower-middle-income countries,1995,1.4715002
Lower-middle-income countries,2000,1.3003669
Lower-middle-income countries,2005,1.1285793
Lower-middle-income countries,2010,1.0586252
Lower-middle-income countries,2015,1.003614
Lower-middle-income countries,2020,0.9651391
Luxembourg,1990,29.806433
Luxembourg,1995,30.897352
Luxembourg,2000,32.04496
Luxembourg,2005,32.896942
Luxembourg,2010,32.12152
Luxembourg,2015,43.91565
Luxembourg,2020,47.615562
Macao,1990,59.638584
Macao,1995,58.34477
Macao,2000,56.289566
Macao,2005,57.84415
Macao,2010,59.17821
Macao,2015,62.459785
Macao,2020,62.138287
Madagascar,1990,0.20620508
Madagascar,1995,0.157153
Madagascar,2000,0.14930736
Madagascar,2005,0.14210828
Madagascar,2010,0.13665608
Madagascar,2015,0.13235493
Madagascar,2020,0.12842792
Malawi,1990,11.991324
Malawi,1995,2.4544265
Malawi,2000,2.0865119
Malawi,2005,1.7555985
Malawi,2010,1.4974406
Malawi,2015,1.1784079
Malawi,2020,1.0003264
Malaysia,1990,3.8598268
Malaysia,1995,4.5752935
Malaysia,2000,6.3101754
Malaysia,2005,7.4677234
Malaysia,2010,8.569883
Malaysia,2015,10.837715
Malaysia,2020,10.741396
Maldives,1990,3.8936365
Maldives,1995,7.2832723
Maldives,2000,9.696631
Maldives,2005,14.094004
Maldives,2010,14.945178
Maldives,2015,14.128605
Maldives,2020,12.96458
Mali,1990,1.9022204
Mali,1995,1.8380268
Mali,2000,1.7309268
Mali,2005,2.0244203
Mali,2010,2.2663965
Mali,2015,2.4113166
Mali,2020,2.3990567
Malta,1990,4.1647215
Malta,1995,4.7069063
Malta,2000,5.467053
Malta,2005,6.069308
Malta,2010,7.9680004
Malta,2015,12.14183
Malta,2020,25.99091
Marshall Islands,1990,2.4500158
Marshall Islands,1995,2.933365
Marshall Islands,2000,3.7258148
Marshall Islands,2005,4.3741064
Marshall Islands,2010,5.48074
Marshall Islands,2015,5.716872
Marshall Islands,2020,5.571511
Martinique,1990,10.797668
Martinique,1995,12.637771
Martinique,2000,14.080038
Martinique,2005,14.359339
Martinique,2010,15.095042
Martinique,2015,18.276646
Martinique,2020,18.28681
Mauritania,1990,5.4882474
Mauritania,1995,3.8710597
Mauritania,2000,2.1810367
Mauritania,2005,1.9248409
Mauritania,2010,2.430313
Mauritania,2015,4.1161513
Mauritania,2020,3.9204156
Mauritius,1990,0.3421826
Mauritius,1995,0.6638752
Mauritius,2000,1.3114829
Mauritius,2005,1.607761
Mauritius,2010,1.990139
Mauritius,2015,2.269629
Mauritius,2020,2.2718785
Mayotte,1990,16.067905
Mayotte,1995,21.362818
Mayotte,2000,30.24925
Mayotte,2005,35.47161
Mayotte,2010,34.85933
Mayotte,2015,33.90928
Mayotte,2020,40.885147
Melanesia,1990,1.5268205
Melanesia,1995,1.4488217
Melanesia,2000,1.2749193
Melanesia,2005,1.2618941
Melanesia,2010,1.2047431
Melanesia,2015,1.1790774
Melanesia,2020,1.1154644
Mexico,1990,0.82874435
Mexico,1995,0.5002537
Mexico,2000,0.54403627
Mexico,2005,0.67227644
Mexico,2010,0.84992975
Mexico,2015,0.8318608
Mexico,2020,0.9288749
Micronesia,1990,26.146452
Micronesia,1995,26.089642
Micronesia,2000,26.854712
Micronesia,2005,25.76581
Micronesia,2010,22.785456
Micronesia,2015,21.69829
Micronesia,2020,21.653152
Micronesia (country),1990,3.8264246
Micronesia (country),1995,3.1078253
Micronesia (country),2000,2.9011686
Micronesia (country),2005,2.73708
Micronesia (country),2010,2.7264955
Micronesia (country),2015,2.5310876
Micronesia (country),2020,2.4621592
Middle Africa,1990,2.062173
Middle Africa,1995,3.178137
Middle Africa,2000,1.847031
Middle Africa,2005,1.7516131
Middle Africa,2010,1.8513619
Middle Africa,2015,2.2567043
Middle Africa,2020,2.150152
Middle-income countries,1990,1.684273
Middle-income countries,1995,1.4810283
Middle-income countries,2000,1.376377
Middle-income countries,2005,1.3103132
Middle-income countries,2010,1.3168722
Middle-income countries,2015,1.4131819
Middle-income countries,2020,1.4639583
Moldova,1990,12.464878
Moldova,1995,8.46037
Moldova,2000,5.8969336
Moldova,2005,4.114206
Moldova,2010,3.1689954
Moldova,2015,2.6131592
Moldova,2020,2.5889678
Monaco,1990,69.17066
Monaco,1995,68.53015
Monaco,2000,67.770935
Monaco,2005,62.975002
Monaco,2010,59.344547
Monaco,2015,68.8784
Monaco,2020,67.78361
Mongolia,1990,0.30758116
Mongolia,1995,0.32306114
Mongolia,2000,0.34228504
Mongolia,2005,0.45427755
Mongolia,2010,0.590536
Mongolia,2015,0.6632131
Mongolia,2020,0.65110123
Montenegro,2010,12.576428
Montenegro,2015,11.439221
Montenegro,2020,11.304458
Montserrat,1990,18.961945
Montserrat,1995,16.368805
Montserrat,2000,24.588833
Montserrat,2005,25.691862
Montserrat,2010,26.373852
Montserrat,2015,27.204994
Montserrat,2020,27.585518
Morocco,1990,0.22128424
Morocco,1995,0.18655822
Morocco,2000,0.18418631
Morocco,2005,0.18460338
Morocco,2010,0.22010374
Morocco,2015,0.26663122
Morocco,2020,0.27731362
Mozambique,1990,0.94193614
Mozambique,1995,1.0866951
Mozambique,2000,1.1049166
Mozambique,2005,1.3110908
Mozambique,2010,1.3023825
Mozambique,2015,1.1899785
Mozambique,2020,1.0841315
Myanmar,1990,0.32307824
Myanmar,1995,0.258904
Myanmar,2000,0.20978518
Myanmar,2005,0.1696121
Myanmar,2010,0.15101334
Myanmar,2015,0.13915716
Myanmar,2020,0.14050044
Namibia,1990,8.419365
Namibia,1995,7.0873156
Namibia,2000,7.5531197
Namibia,2005,5.538158
Namibia,2010,4.9000483
Namibia,2015,4.3897343
Namibia,2020,4.3051796
Nauru,1990,29.612877
Nauru,1995,24.515339
Nauru,2000,23.164005
Nauru,2005,22.87774
Nauru,2010,9.051853
Nauru,2015,17.669172
Nauru,2020,20.315674
Nepal,1990,2.2743354
Nepal,1995,3.1990297
Nepal,2000,2.9986093
Nepal,2005,2.6441724
Nepal,2010,2.154091
Nepal,2015,1.8858796
Nepal,2020,1.6733611
Netherlands,1990,7.899954
Netherlands,1995,8.70298
Netherlands,2000,9.772188
Netherlands,2005,10.607386
Netherlands,2010,10.984344
Netherlands,2015,11.785689
Netherlands,2020,13.763352
New Caledonia,1990,22.117004
New Caledonia,1995,22.588156
New Caledonia,2000,22.852947
New Caledonia,2005,23.432907
New Caledonia,2010,24.122684
New Caledonia,2015,25.41153
New Caledonia,2020,25.619371
New Zealand,1990,15.24486
New Zealand,1995,16.01705
New Zealand,2000,17.590422
New Zealand,2005,20.311495
New Zealand,2010,21.68032
New Zealand,2015,22.5318
New Zealand,2020,28.653198
Nicaragua,1990,0.9924918
Nicaragua,1995,0.5721828
Nicaragua,2000,0.59947014
Nicaragua,2005,0.64204776
Nicaragua,2010,0.64121956
Nicaragua,2015,0.6469466
Nicaragua,2020,0.63652587
Niger,1990,1.4385184
Niger,1995,1.5384041
Niger,2000,1.0789335
Niger,2005,0.9138628
Niger,2010,0.7682326
Niger,2015,1.2648848
Niger,2020,1.4378537
Nigeria,1990,0.47958118
Nigeria,1995,0.42890793
Nigeria,2000,0.39897498
Nigeria,2005,0.69831413
Nigeria,2010,0.6249047
Nigeria,2015,0.6619918
Nigeria,2020,0.63479704
Niue,1990,19.768438
Niue,1995,22.211939
Niue,2000,26.182966
Niue,2005,30.924171
Niue,2010,36.313194
Niue,2015,36.52174
Niue,2020,36.341164
North Korea,1990,0.16805255
North Korea,1995,0.16074704
North Korea,2000,0.157804
North Korea,2005,0.16774063
North Korea,2010,0.17927527
North Korea,2015,0.1924171
North Korea,2020,0.19220822
North Macedonia,1990,4.766113
North Macedonia,1995,5.513299
North Macedonia,2000,6.1757216
North Macedonia,2005,6.1965847
North Macedonia,2010,6.263519
North Macedonia,2015,6.287106
North Macedonia,2020,6.302787
Northern Africa,1990,1.7197952
Northern Africa,1995,1.330031
Northern Africa,2000,1.1092788
Northern Africa,2005,0.9385828
Northern Africa,2010,0.9618791
Northern Africa,2015,0.9554644
Northern Africa,2020,1.2865587
Northern Africa and Western Asia,1990,6.112873
Northern Africa and Western Asia,1995,5.851901
Northern Africa and Western Asia,2000,5.7101555
Northern Africa and Western Asia,2005,5.909862
Northern Africa and Western Asia,2010,7.496767
Northern Africa and Western Asia,2015,8.729875
Northern Africa and Western Asia,2020,9.463901
Northern America,1990,9.868428
Northern America,1995,11.322991
Northern America,2000,12.915573
Northern America,2005,13.860333
Northern America,2010,14.847769
Northern America,2015,15.582326
Northern America,2020,15.915865
Northern Europe,1990,7.220637
Northern Europe,1995,7.721695
Northern Europe,2000,8.36487
Northern Europe,2005,9.95647
Northern Europe,2010,11.250128
Northern Europe,2015,12.742677
Northern Europe,2020,14.091551
Northern Mariana Islands,1990,58.124233
Northern Mariana Islands,1995,70.579
Northern Mariana Islands,2000,69.83447
Northern Mariana Islands,2005,66.39079
Northern Mariana Islands,2010,44.779602
Northern Mariana Islands,2015,38.810307
Northern Mariana Islands,2020,37.950207
Norway,1990,4.534354
Norway,1995,5.342391
Norway,2000,6.4995694
Norway,2005,7.7961144
Norway,2010,10.737087
Norway,2015,14.353843
Norway,2020,15.720346
Oceania,1990,17.333935
Oceania,1995,17.089453
Oceania,2000,17.061787
Oceania,2005,17.880627
Oceania,2010,19.332804
Oceania,2015,20.252235
Oceania,2020,21.980165
Oceania (excluding Australia and New Zealand),1990,3.7273922
Oceania (excluding Australia and New Zealand),1995,3.6337001
Oceania (excluding Australia and New Zealand),2000,3.4592388
Oceania (excluding Australia and New Zealand),2005,3.2639575
Oceania (excluding Australia and New Zealand),2010,2.881385
Oceania (excluding Australia and New Zealand),2015,2.6769705
Oceania (excluding Australia and New Zealand),2020,2.5338032
Oman,1990,16.77558
Oman,1995,24.481745
Oman,2000,27.496271
Oman,2005,26.527145
Oman,2010,26.837135
Oman,2015,43.49842
Oman,2020,46.465862
Pakistan,1990,5.767138
Pakistan,1995,2.9644547
Pakistan,2000,2.9378998
Pakistan,2005,1.9803361
Pakistan,2010,2.1979594
Pakistan,2015,1.7582979
Pakistan,2020,1.483338
Palau,1990,18.595234
Palau,1995,27.678051
Palau,2000,33.02973
Palau,2005,30.544886
Palau,2010,30.578144
Palau,2015,27.94792
Palau,2020,28.122927
Palestine,1990,13.7206545
Palestine,1995,10.759924
Palestine,2000,8.536018
Palestine,2005,7.672537
Palestine,2010,6.752092
Palestine,2015,6.0312066
Palestine,2020,5.3472214
Panama,1990,2.5392704
Panama,1995,2.5860078
Panama,2000,2.7525027
Panama,2005,3.286898
Panama,2010,4.3316326
Panama,2015,4.654415
Panama,2020,7.25798
Papua New Guinea,1990,0.7303108
Papua New Guinea,1995,0.64633876
Papua New Guinea,2000,0.44982633
Papua New Guinea,2005,0.46145424
Papua New Guinea,2010,0.41618153
Papua New Guinea,2015,0.38160914
Papua New Guinea,2020,0.34724385
Paraguay,1990,4.63805
Paraguay,1995,3.9057217
Paraguay,2000,3.3177023
Paraguay,2005,2.8887405
Paraguay,2010,2.565598
Paraguay,2015,2.3391829
Paraguay,2020,2.3773751
Peru,1990,0.25683877
Peru,1995,0.23347302
Peru,2000,0.25056744
Peru,2005,0.2794682
Peru,2010,0.3607109
Peru,2015,0.50794303
Peru,2020,3.7138321
Philippines,1990,0.2489225
Philippines,1995,0.2971236
Philippines,2000,0.4078572
Philippines,2005,0.29824996
Philippines,2010,0.22199227
Philippines,2015,0.20747757
Philippines,2020,0.20580651
Poland,1990,2.9709306
Poland,1995,2.5084739
Poland,2000,2.140357
Poland,2005,1.8830562
Poland,2010,1.6760256
Poland,2015,1.6087022
Poland,2020,2.1593852
Polynesia,1990,10.638812
Polynesia,1995,11.151541
Polynesia,2000,11.543198
Polynesia,2005,11.421458
Polynesia,2010,11.074926
Polynesia,2015,10.494682
Polynesia,2020,10.257131
Portugal,1990,4.4039035
Portugal,1995,5.280002
Portugal,2000,6.3267417
Portugal,2005,7.338673
Portugal,2010,7.1991415
Portugal,2015,8.340906
Portugal,2020,9.826339
Puerto Rico,1990,9.459098
Puerto Rico,1995,9.475793
Puerto Rico,2000,9.676815
Puerto Rico,2005,9.695902
Puerto Rico,2010,8.519063
Puerto Rico,2015,8.294929
Puerto Rico,2020,8.638442
Qatar,1990,65.03658
Qatar,1995,70.440186
Qatar,2000,60.711735
Qatar,2005,74.649704
Qatar,2010,78.45662
Qatar,2015,65.77678
Qatar,2020,77.2699
Reunion,1990,9.369719
Reunion,1995,11.45569
Reunion,2000,13.665819
Reunion,2005,14.537177
Reunion,2010,14.813723
Reunion,2015,14.734195
Reunion,2020,14.717729
Romania,1990,0.5782456
Romania,1995,0.58801866
Romania,2000,0.60645723
Romania,2005,0.6777796
Romania,2010,0.8656321
Romania,2015,1.4105166
Romania,2020,3.666294
Russia,1990,7.8118525
Russia,1995,8.047717
Russia,2000,8.128346
Russia,2005,8.120982
Russia,2010,7.8023186
Russia,2015,8.030673
Russia,2020,7.9740667
Rwanda,1990,2.195453
Rwanda,1995,3.696314
Rwanda,2000,4.374712
Rwanda,2005,4.787064
Rwanda,2010,4.252282
Rwanda,2015,4.5267305
Rwanda,2020,3.967717
Saint Helena,1990,2.6750827
Saint Helena,1995,1.8737988
Saint Helena,2000,1.7839445
Saint Helena,2005,3.0444527
Saint Helena,2010,4.7848735
Saint Helena,2015,6.4235816
Saint Helena,2020,7.198155
Saint Kitts and Nevis,1990,7.9731746
Saint Kitts and Nevis,1995,10.095777
Saint Kitts and Nevis,2000,13.318059
Saint Kitts and Nevis,2005,14.261931
Saint Kitts and Nevis,2010,14.782395
Saint Kitts and Nevis,2015,14.535974
Saint Kitts and Nevis,2020,14.522861
Saint Lucia,1990,3.8436737
Saint Lucia,1995,4.871622
Saint Lucia,2000,6.297811
Saint Lucia,2005,6.021125
Saint Lucia,2010,5.198401
Saint Lucia,2015,4.841708
Saint Lucia,2020,4.540677
Saint Pierre and Miquelon,1990,17.212215
Saint Pierre and Miquelon,1995,20.660511
Saint Pierre and Miquelon,2000,23.150206
Saint Pierre and Miquelon,2005,18.76329
Saint Pierre and Miquelon,2010,15.988052
Saint Pierre and Miquelon,2015,16.455275
Saint Pierre and Miquelon,2020,17.221743
Saint Vincent and the Grenadines,1990,3.693401
Saint Vincent and the Grenadines,1995,3.82718
Saint Vincent and the Grenadines,2000,3.9958436
Saint Vincent and the Grenadines,2005,4.0840755
Saint Vincent and the Grenadines,2010,4.2203956
Saint Vincent and the Grenadines,2015,4.248866
Saint Vincent and the Grenadines,2020,4.2705073
Samoa,1990,2.0620773
Samoa,1995,2.7603645
Samoa,2000,3.4381557
Samoa,2005,3.19716
Samoa,2010,2.754593
Samoa,2015,2.1988528
Samoa,2020,2.0266116
San Marino,1990,13.720776
San Marino,1995,14.11379
San Marino,2000,14.730517
San Marino,2005,14.384122
San Marino,2010,15.630506
San Marino,2015,15.614668
San Marino,2020,16.332724
Sao Tome and Principe,1990,4.6824536
Sao Tome and Principe,1995,3.7485096
Sao Tome and Principe,2000,3.0682392
Sao Tome and Principe,2005,2.1800702
Sao Tome and Principe,2010,1.4969064
Sao Tome and Principe,2015,1.200367
Sao Tome and Principe,2020,0.9759948
Saudi Arabia,1990,30.790384
Saudi Arabia,1995,27.48409
Saudi Arabia,2000,25.471485
Saudi Arabia,2005,27.300013
Saudi Arabia,2010,30.742176
Saudi Arabia,2015,33.960136
Saudi Arabia,2020,38.647938
Senegal,1990,3.5928648
Senegal,1995,3.3101137
Senegal,2000,2.3668847
Senegal,2005,2.1487408
Senegal,2010,2.0199487
Senegal,2015,1.8280133
Senegal,2020,1.6419622
Serbia,1990,1.042996
Serbia,1995,8.811891
Serbia,2000,10.30684
Serbia,2005,9.298074
Serbia,2010,9.189759
Serbia,2015,9.096106
Serbia,2020,9.419436
Seychelles,1990,5.2726293
Seychelles,1995,6.7159796
Seychelles,2000,8.11625
Seychelles,2005,10.148671
Seychelles,2010,12.511915
Seychelles,2015,13.466904
Seychelles,2020,13.270287
Sierra Leone,1990,5.1425967
Sierra Leone,1995,2.2889655
Sierra Leone,2000,2.137038
Sierra Leone,2005,2.5900922
Sierra Leone,2010,1.2354971
Sierra Leone,2015,0.8202837
Sierra Leone,2020,0.67376333
Singapore,1990,24.137728
Singapore,1995,28.119743
Singapore,2000,33.55011
Singapore,2005,40.101196
Singapore,2010,42.18909
Singapore,2015,44.408825
Singapore,2020,43.136753
Sint Maarten (Dutch part),2005,39.17634
Sint Maarten (Dutch part),2010,76.69321
Sint Maarten (Dutch part),2015,68.293846
Sint Maarten (Dutch part),2020,67.26598
Slovakia,1990,0.7808519
Slovakia,1995,1.2896174
Slovakia,2000,2.1554277
Slovakia,2005,2.4169645
Slovakia,2010,2.7074587
Slovakia,2015,3.2677817
Slovakia,2020,3.6112435
Slovenia,1990,8.875431
Slovenia,1995,8.759817
Slovenia,2000,10.791715
Slovenia,2005,10.888235
Slovenia,2010,12.420179
Slovenia,2015,11.472388
Slovenia,2020,13.370519
Small island developing States (SIDS),1990,4.6466265
Small island developing States (SIDS),1995,5.130889
Small island developing States (SIDS),2000,5.7091446
Small island developing States (SIDS),2005,6.4229054
Small island developing States (SIDS),2010,7.223927
Small island developing States (SIDS),2015,7.6645403
Small island developing States (SIDS),2020,7.8830957
Solomon Islands,1990,1.3550562
Solomon Islands,1995,1.1628942
Solomon Islands,2000,0.96470505
Solomon Islands,2005,0.6960789
Solomon Islands,2010,0.52286494
Solomon Islands,2015,0.42859536
Solomon Islands,2020,0.36687738
Somalia,1990,6.6199045
Somalia,1995,0.2606503
Somalia,2000,0.22651526
Somalia,2005,0.19879666
Somalia,2010,0.3994226
Somalia,2015,0.2970892
Somalia,2020,0.36864778
South Africa,1990,3.162682
South Africa,1995,2.422562
South Africa,2000,2.2615404
South Africa,2005,2.8216672
South Africa,2010,4.129102
South Africa,2015,5.83488
South Africa,2020,4.8230624
South America,1990,1.4471914
South America,1995,1.3158683
South America,2000,1.209858
South America,2005,1.2184736
South America,2010,1.3340342
South America,2015,1.4744804
South America,2020,2.527505
South Korea,1990,0.1007656
South Korea,1995,0.2735242
South Korea,2000,0.5154663
South Korea,2005,0.9980582
South Korea,2010,1.8568476
South Korea,2015,2.697406
South Korea,2020,3.3708007
South Sudan,2010,2.4266193
South Sudan,2015,7.8773704
South Sudan,2020,7.881663
South-Eastern Asia,1990,0.6472098
South-Eastern Asia,1995,0.76186895
South-Eastern Asia,2000,0.9739297
South-Eastern Asia,2005,1.2029582
South-Eastern Asia,2010,1.4570695
South-Eastern Asia,2015,1.6019322
South-Eastern Asia,2020,1.5876551
Southern Africa,1990,3.318398
Southern Africa,1995,2.537485
Southern Africa,2000,2.4642296
Southern Africa,2005,2.8963864
Southern Africa,2010,4.0294714
Southern Africa,2015,5.5217924
Southern Africa,2020,4.629486
Southern Asia,1990,1.6420349
Southern Asia,1995,1.1596875
Southern Asia,2000,1.0264353
Southern Asia,2005,0.8572619
Southern Asia,2010,0.84154034
Southern Asia,2015,0.75900614
Southern Asia,2020,0.714479
Southern Europe,1990,3.0246112
Southern Europe,1995,4.3165016
Southern Europe,2000,5.3033013
Southern Europe,2005,8.019997
Southern Europe,2010,10.591261
Southern Europe,2015,10.332519
Southern Europe,2020,11.605728
Spain,1990,2.095796
Spain,1995,2.5637932
Spain,2000,4.059511
Spain,2005,9.33055
Spain,2010,13.381476
Spain,2015,12.622597
Spain,2020,14.634229
Sri Lanka,1990,0.23987968
Sri Lanka,1995,0.22387318
Sri Lanka,2000,0.21372266
Sri Lanka,2005,0.20223087
Sri Lanka,2010,0.19227867
Sri Lanka,2015,0.18990795
Sri Lanka,2020,0.1879864
Sub-Saharan Africa,1990,2.7081552
Sub-Saharan Africa,1995,2.5457327
Sub-Saharan Africa,2000,2.0559673
Sub-Saharan Africa,2005,1.9583011
Sub-Saharan Africa,2010,1.8956629
Sub-Saharan Africa,2015,2.1617324
Sub-Saharan Africa,2020,2.0305407
Sudan,1990,6.963095
Sudan,1995,4.371892
Sudan,2000,2.951734
Sudan,2005,1.7655172
Sudan,2010,1.7910225
Sudan,2015,1.5950539
Sudan,2020,3.1451995
Suriname,1990,4.463076
Suriname,1995,5.0514765
Suriname,2000,5.8406096
Suriname,2005,6.7396655
Suriname,2010,7.505396
Suriname,2015,7.7131505
Suriname,2020,8.148352
Sweden,1990,9.206635
Sweden,1995,10.5927725
Sweden,2000,11.301942
Sweden,2005,12.455321
Sweden,2010,14.240593
Sweden,2015,16.410961
Sweden,2020,19.842108
Switzerland,1990,20.92753
Switzerland,1995,21.139662
Switzerland,2000,21.987793
Switzerland,2005,24.441336
Switzerland,2010,26.575344
Switzerland,2015,27.217756
Switzerland,2020,28.785198
Syria,1990,5.73783
Syria,1995,5.7900424
Syria,2000,5.0875864
Syria,2005,4.805781
Syria,2010,8.349171
Syria,2015,4.6435347
Syria,2020,4.9638767
Tajikistan,1990,8.117248
Tajikistan,1995,6.0426493
Tajikistan,2000,4.8179398
Tajikistan,2005,4.130989
Tajikistan,2010,3.7171946
Tajikistan,2015,3.2540855
Tajikistan,2020,2.8941221
Tanzania,1990,2.2775292
Tanzania,1995,3.7304401
Tanzania,2000,2.8346965
Tanzania,2005,2.0055826
Tanzania,2010,0.698695
Tanzania,2015,0.7469839
Tanzania,2020,0.7131876
Thailand,1990,0.93477696
Thailand,1995,1.3616229
Thailand,2000,1.9980433
Thailand,2005,3.356371
Thailand,2010,4.8134227
Thailand,2015,5.050199
Thailand,2020,5.2041507
Togo,1990,2.247934
Togo,1995,2.4035957
Togo,2000,2.8017187
Togo,2005,3.6392016
Togo,2010,3.9797099
Togo,2015,3.7877626
Togo,2020,3.3813853
Tokelau,1990,22.44389
Tokelau,1995,33.57664
Tokelau,2000,45.935482
Tokelau,2005,82.68755
Tokelau,2010,99.91142
Tokelau,2015,95.02807
Tokelau,2020,91.703705
Tonga,1990,3.0619864
Tonga,1995,3.4114118
Tonga,2000,3.7606418
Tonga,2005,4.262298
Tonga,2010,4.4306173
Tonga,2015,3.9233975
Tonga,2020,3.5403087
Trinidad and Tobago,1990,4.1491385
Trinidad and Tobago,1995,3.6671982
Trinidad and Tobago,2000,3.2950087
Trinidad and Tobago,2005,3.4563906
Trinidad and Tobago,2010,3.631082
Trinidad and Tobago,2015,3.6502833
Trinidad and Tobago,2020,5.63412
Tunisia,1990,0.46083057
Tunisia,1995,0.41496262
Tunisia,2000,0.37822092
Tunisia,2005,0.34669802
Tunisia,2010,0.4059333
Tunisia,2015,0.50565517
Tunisia,2020,0.50890046
Turkey,1990,2.158101
Turkey,1995,2.0794098
Turkey,2000,2.0255518
Turkey,2005,1.949986
Turkey,2010,1.8993586
Turkey,2015,5.534483
Turkey,2020,7.17657
Turkmenistan,1990,8.319811
Turkmenistan,1995,6.501315
Turkmenistan,2000,4.8507705
Turkmenistan,2005,4.480938
Turkmenistan,2010,3.8917003
Turkmenistan,2015,3.5285897
Turkmenistan,2020,3.231868
Turks and Caicos Islands,1990,41.782913
Turks and Caicos Islands,1995,43.394367
Turks and Caicos Islands,2000,44.692875
Turks and Caicos Islands,2005,46.53845
Turks and Caicos Islands,2010,52.716026
Turks and Caicos Islands,2015,63.156284
Turks and Caicos Islands,2020,66.501366
Tuvalu,1990,3.5690236
Tuvalu,1995,2.8285654
Tuvalu,2000,2.3211243
Tuvalu,2005,2.0906272
Tuvalu,2010,2.0910559
Tuvalu,2015,2.0722587
Tuvalu,2020,2.0267978
Uganda,1990,3.1362257
Uganda,1995,2.9735086
Uganda,2000,2.470512
Uganda,2005,2.1430984
Uganda,2010,1.5200676
Uganda,2015,2.2267234
Uganda,2020,3.7609868
Ukraine,1990,13.393908
Ukraine,1995,12.1255
Ukraine,2000,11.317172
Ukraine,2005,10.770353
Ukraine,2010,10.523144
Ukraine,2015,10.941591
Ukraine,2020,11.426841
United Arab Emirates,1990,71.45852
United Arab Emirates,1995,75.52974
United Arab Emirates,2000,78.07778
United Arab Emirates,2005,71.51169
United Arab Emirates,2010,85.575424
United Arab Emirates,2015,86.31346
United Arab Emirates,2020,88.12922
United Kingdom,1990,6.3889484
United Kingdom,1995,7.172652
United Kingdom,2000,8.027664
United Kingdom,2005,9.829752
United Kingdom,2010,11.219172
United Kingdom,2015,12.764921
United Kingdom,2020,13.787211
United States,1990,9.222195
United States,1995,10.729617
United States,2000,12.358077
United States,2005,13.308188
United States,2010,14.298383
United States,2015,15.014688
United States,2020,15.296807
United States Virgin Islands,1990,50.089153
United States Virgin Islands,1995,50.50937
United States Virgin Islands,2000,52.065666
United States Virgin Islands,2005,52.54775
United States Virgin Islands,2010,53.43212
United States Virgin Islands,2015,54.045734
United States Virgin Islands,2020,54.349136
Upper-middle-income countries,1990,1.5857747
Upper-middle-income countries,1995,1.488929
Upper-middle-income countries,2000,1.4423989
Upper-middle-income countries,2005,1.4753116
Upper-middle-income countries,2010,1.5611327
Upper-middle-income countries,2015,1.8139467
Upper-middle-income countries,2020,1.9698049
Uruguay,1990,3.1552632
Uruguay,1995,2.8976436
Uruguay,2000,2.6771421
Uruguay,2005,2.4780848
Uruguay,2010,2.271414
Uruguay,2015,2.3094578
Uruguay,2020,3.1167388
Uzbekistan,1990,8.103598
Uzbekistan,1995,6.6367197
Uzbekistan,2000,5.678242
Uzbekistan,2005,5.032325
Uzbekistan,2010,4.2788363
Uzbekistan,2015,3.785612
Uzbekistan,2020,3.4718697
Vanuatu,1990,1.5746205
Vanuatu,1995,1.4634784
Vanuatu,2000,1.4197358
Vanuatu,2005,1.3379077
Vanuatu,2010,1.266214
Vanuatu,2015,1.1750908
Vanuatu,2020,1.0603939
Vatican,1990,100
Vatican,1995,100
Vatican,2000,100
Vatican,2005,100
Vatican,2010,100
Vatican,2015,100
Vatican,2020,100
Venezuela,1990,5.220937
Venezuela,1995,4.650914
Venezuela,2000,4.1903076
Venezuela,2005,4.072548
Venezuela,2010,4.737517
Venezuela,2015,4.668759
Venezuela,2020,4.656758
Vietnam,1990,0.04135678
Vietnam,1995,0.06843103
Vietnam,2000,0.07102203
Vietnam,2005,0.06175159
Vietnam,2010,0.07020307
Vietnam,2015,0.078544766
Vietnam,2020,0.07886595
Wallis and Futuna,1990,10.163839
Wallis and Futuna,1995,12.044956
Wallis and Futuna,2000,13.710281
Wallis and Futuna,2005,14.668273
Wallis and Futuna,2010,16.64039
Wallis and Futuna,2015,16.718317
Wallis and Futuna,2020,18.139784
Western Africa,1990,2.4763827
Western Africa,1995,2.6416194
Western Africa,2000,2.2411766
Western Africa,2005,2.223653
Western Africa,2010,2.0588942
Western Africa,2015,2.0093215
Western Africa,2020,1.8792797
Western Asia,1990,10.252086
Western Asia,1995,10.098206
Western Asia,2000,9.981072
Western Asia,2005,10.418195
Western Asia,2010,13.202621
Western Asia,2015,15.484522
Western Asia,2020,16.66441
Western Europe,1990,9.473481
Western Europe,1995,10.3975315
Western Europe,2000,11.429487
Western Europe,2005,11.974103
Western Europe,2010,12.7655
Western Europe,2015,13.493314
Western Europe,2020,16.942003
Western Sahara,1990,1.2372386
Western Sahara,1995,1.1692452
Western Sahara,2000,1.0470654
Western Sahara,2005,0.8893389
Western Sahara,2010,0.93551934
Western Sahara,2015,0.98420596
Western Sahara,2020,0.90804076
World,1990,2.8717763
World,1995,2.807869
World,2000,2.8197405
World,2005,2.9264681
World,2010,3.1764956
World,2015,3.3599656
World,2020,3.599812
Yemen,1990,1.0150566
Yemen,1995,0.91539013
Yemen,2000,0.83255446
Yemen,2005,0.8547642
Yemen,2010,1.2455013
Yemen,2015,1.4336317
Yemen,2020,1.2979059
Zambia,1990,3.4772708
Zambia,1995,2.6860342
Zambia,2000,3.2997785
Zambia,2005,2.133011
Zambia,2010,1.1021767
Zambia,2015,0.83194107
Zambia,2020,1.0223861
Zimbabwe,1990,6.0831685
Zimbabwe,1995,3.7791302
Zimbabwe,2000,3.4516654
Zimbabwe,2005,3.3305962
Zimbabwe,2010,3.1368368
Zimbabwe,2015,2.8989677
Zimbabwe,2020,2.799859